DATE,SUBSCRIBERS_GAINED,SUBSCRIBERS_LOST,VIEWS,WATCH_HOURS,LIKES,SHARES,COMMENTS,TOTAL_SUBSCRIBERS
2019-08-19,1,0,6,1,0,0,0,1
2019-08-20,1,0,11,1,0,0,0,2
2019-08-21,1,0,17,2,0,0,0,3
2019-08-22,1,0,16,2,0,0,0,4
2019-08-23,1,0,28,2,0,0,0,5
2019-08-24,1,0,45,4,1,0,0,6
2019-08-25,1,0,70,6,1,0,0,7
2019-08-26,1,0,48,4,1,0,0,8
2019-08-27,1,0,43,5,2,0,0,9
2019-08-28,2,0,47,5,2,0,0,11
2019-08-29,1,0,58,5,2,0,0,12
2019-08-30,2,0,67,6,2,0,0,14
2019-08-31,2,0,77,10,4,0,0,16
2019-09-01,1,0,80,9,4,0,0,17
2019-09-02,2,0,66,8,3,0,0,19
2019-09-03,2,0,79,10,4,0,0,21
2019-09-04,2,0,82,10,3,0,0,23
2019-09-05,2,0,91,11,4,0,0,25
2019-09-06,2,0,77,11,4,1,0,27
2019-09-07,2,0,105,18,7,1,0,29
2019-09-08,3,0,155,15,9,0,0,32
2019-09-09,3,0,91,11,7,1,0,35
2019-09-10,3,0,83,9,5,1,0,38
2019-09-11,2,0,109,14,6,1,0,40
2019-09-12,3,0,121,16,5,1,0,43
2019-09-13,3,0,115,13,7,1,0,46
2019-09-14,3,0,173,21,10,1,0,49
2019-09-15,4,0,185,21,9,1,0,53
2019-09-16,3,0,124,16,8,1,0,56
2019-09-17,3,0,115,18,7,1,0,59
2019-09-18,3,0,128,14,7,1,0,62
2019-09-19,5,0,149,18,8,1,0,67
2019-09-20,4,0,151,17,7,1,0,71
2019-09-21,4,0,228,27,13,1,1,75
2019-09-22,5,0,208,30,12,2,1,80
2019-09-23,4,0,155,19,8,2,0,84
2019-09-24,4,0,127,20,8,1,0,88
2019-09-25,3,0,170,20,10,2,1,91
2019-09-26,4,1,196,23,9,2,1,94
2019-09-27,5,1,149,22,9,2,1,98
2019-09-28,5,1,254,34,15,1,1,102
2019-09-29,5,1,285,30,16,2,1,106
2019-09-30,5,1,212,22,9,2,0,110
2019-10-01,5,1,184,26,10,2,1,114
2019-10-02,4,1,183,24,14,2,1,117
2019-10-03,5,1,161,26,11,2,1,121
2019-10-04,5,1,208,30,12,2,1,125
2019-10-05,6,1,380,43,18,2,1,130
2019-10-06,6,1,331,40,18,2,1,135
2019-10-07,5,1,218,26,14,2,1,139
2019-10-08,6,1,230,20,14,2,0,144
2019-10-09,6,1,227,28,13,2,1,149
2019-10-10,6,1,213,28,12,3,1,154
2019-10-11,7,1,256,30,16,2,1,160
2019-10-12,7,1,369,43,21,3,1,166
2019-10-13,7,1,368,43,25,3,1,172
2019-10-14,6,1,226,25,11,2,1,177
2019-10-15,6,1,288,28,15,2,1,182
2019-10-16,7,1,276,33,18,3,1,188
2019-10-17,8,1,249,38,15,3,1,195
2019-10-18,7,1,295,33,15,3,1,201
2019-10-19,7,1,389,51,24,3,1,207
2019-10-20,6,1,385,55,22,3,1,212
2019-10-21,6,1,261,32,16,3,1,217
2019-10-22,8,1,237,36,16,3,1,224
2019-10-23,9,1,306,33,16,3,1,232
2019-10-24,8,1,242,39,19,3,1,239
2019-10-25,9,1,265,37,18,4,2,247
2019-10-26,8,1,365,57,27,3,1,254
2019-10-27,7,2,464,52,30,3,1,259
2019-10-28,8,1,312,41,18,3,2,266
2019-10-29,9,1,311,47,17,3,1,274
2019-10-30,8,1,293,35,18,4,1,281
2019-10-31,10,2,293,38,19,4,1,289
2019-11-01,6,2,352,41,17,3,2,293
2019-11-02,9,1,485,66,28,4,2,301
2019-11-03,9,2,537,58,28,4,2,308
2019-11-04,8,1,321,30,25,3,1,315
2019-11-05,9,2,365,48,15,4,2,322
2019-11-06,7,2,411,46,20,3,2,327
2019-11-07,9,1,390,36,25,4,2,335
2019-11-08,10,2,359,41,22,4,2,343
2019-11-09,11,2,584,78,34,4,2,352
2019-11-10,9,2,564,78,33,4,2,359
2019-11-11,9,2,390,50,21,4,2,366
2019-11-12,9,2,383,45,17,5,2,373
2019-11-13,11,2,395,47,23,5,2,382
2019-11-14,10,2,416,47,21,4,2,390
2019-11-15,9,2,372,53,21,4,2,397
2019-11-16,11,2,564,66,33,5,2,406
2019-11-17,10,2,549,67,42,4,2,414
2019-11-18,11,2,362,55,30,4,2,423
2019-11-19,10,2,384,50,25,5,2,431
2019-11-20,10,2,450,58,23,5,2,439
2019-11-21,10,2,409,48,22,5,2,447
2019-11-22,9,2,478,51,26,4,1,454
2019-11-23,11,2,694,70,45,5,3,463
2019-11-24,11,2,562,79,37,4,3,472
2019-11-25,11,2,504,45,20,5,2,481
2019-11-26,11,2,518,51,28,4,2,490
2019-11-27,10,3,438,47,29,4,2,497
2019-11-28,11,2,513,59,22,4,2,506
2019-11-29,11,3,456,59,27,6,2,514
2019-11-30,11,3,765,69,43,5,2,522
2019-12-01,11,2,671,96,40,5,2,531
2019-12-02,12,2,425,71,26,5,2,541
2019-12-03,14,2,504,58,31,5,2,553
2019-12-04,12,3,525,54,27,5,2,562
2019-12-05,12,3,517,75,24,5,2,571
2019-12-06,12,3,480,51,23,5,2,580
2019-12-07,10,2,794,90,49,6,2,588
2019-12-08,12,2,860,91,46,5,3,598
2019-12-09,13,2,562,69,30,7,2,609
2019-12-10,16,2,583,64,29,6,3,623
2019-12-11,12,3,540,59,29,6,3,632
2019-12-12,13,3,655,56,27,6,3,642
2019-12-13,13,2,524,61,29,7,3,653
2019-12-14,11,3,945,85,36,6,3,661
2019-12-15,15,3,1020,96,43,6,3,673
2019-12-16,14,3,644,61,31,6,3,684
2019-12-17,14,3,610,55,34,6,3,695
2019-12-18,12,3,597,74,32,6,3,704
2019-12-19,16,3,703,63,35,6,3,717
2019-12-20,12,3,553,58,37,6,3,726
2019-12-21,15,3,883,99,54,7,3,738
2019-12-22,17,3,950,102,52,7,3,752
2019-12-23,13,2,750,56,34,6,2,763
2019-12-24,13,3,700,71,30,5,3,773
2019-12-25,14,3,615,62,37,6,3,784
2019-12-26,14,3,668,82,40,7,3,795
2019-12-27,12,3,654,74,36,8,3,804
2019-12-28,15,3,983,102,63,6,3,816
2019-12-29,13,3,1174,99,45,6,3,826
2019-12-30,15,3,621,71,31,6,3,838
2019-12-31,13,3,846,77,39,8,3,848
2020-01-01,17,3,798,73,37,7,4,862
2020-01-02,14,3,825,72,41,6,3,873
2020-01-03,15,4,717,75,36,7,3,884
2020-01-04,17,3,1124,105,49,7,4,898
2020-01-05,13,3,988,109,54,6,4,908
2020-01-06,16,4,736,60,31,6,4,920
2020-01-07,18,3,823,84,33,8,3,935
2020-01-08,13,3,896,79,42,7,3,945
2020-01-09,16,3,713,72,41,7,4,958
2020-01-10,16,3,780,93,40,7,4,971
2020-01-11,17,3,1208,118,48,8,4,985
2020-01-12,14,3,1066,106,55,8,4,996
2020-01-13,14,3,883,87,34,8,3,1007
2020-01-14,17,3,782,83,44,8,4,1021
2020-01-15,17,3,833,84,37,8,3,1035
2020-01-16,17,4,820,78,36,8,4,1048
2020-01-17,17,4,799,86,40,7,3,1061
2020-01-18,16,3,1313,120,57,7,3,1074
2020-01-19,17,4,1298,132,70,6,3,1087
2020-01-20,18,4,859,67,38,9,3,1101
2020-01-21,16,3,835,80,35,9,3,1114
2020-01-22,21,3,939,99,33,7,3,1132
2020-01-23,18,3,1070,79,42,8,3,1147
2020-01-24,15,3,940,80,40,7,3,1159
2020-01-25,19,4,1544,123,54,9,5,1174
2020-01-26,16,4,1218,114,72,7,4,1186
2020-01-27,19,4,968,68,46,8,4,1201
2020-01-28,20,3,856,86,43,8,4,1218
2020-01-29,16,4,827,90,49,9,5,1230
2020-01-30,20,3,906,88,47,8,3,1247
2020-01-31,19,4,1105,88,40,7,3,1262
2020-02-01,20,4,1636,135,60,8,4,1278
2020-02-02,22,5,1542,150,72,8,4,1295
2020-02-03,18,3,857,89,47,9,4,1310
2020-02-04,17,3,1001,86,46,10,4,1324
2020-02-05,17,4,1061,89,41,7,4,1337
2020-02-06,17,5,1057,98,48,8,4,1349
2020-02-07,19,5,854,106,42,8,4,1363
2020-02-08,20,4,1443,132,69,8,3,1379
2020-02-09,20,4,1587,142,79,10,4,1395
2020-02-10,21,5,1131,98,44,9,4,1411
2020-02-11,19,4,843,86,39,9,4,1426
2020-02-12,22,5,1073,96,42,8,4,1443
2020-02-13,19,5,1114,82,52,9,4,1457
2020-02-14,25,5,1202,80,49,10,4,1477
2020-02-15,21,6,1790,151,70,8,4,1492
2020-02-16,18,5,1785,141,69,10,4,1505
2020-02-17,18,4,1042,101,51,9,4,1519
2020-02-18,21,4,924,99,45,10,4,1536
2020-02-19,20,4,1105,90,51,9,4,1552
2020-02-20,22,4,1274,100,46,10,4,1570
2020-02-21,21,4,1330,88,45,9,5,1587
2020-02-22,20,4,1888,172,70,9,5,1603
2020-02-23,19,5,1851,132,72,10,5,1617
2020-02-24,18,4,1238,100,50,10,4,1631
2020-02-25,20,5,1134,92,52,8,5,1646
2020-02-26,23,5,1193,109,32,11,5,1664
2020-02-27,22,5,1420,100,47,8,5,1681
2020-02-28,19,5,1109,99,50,9,6,1695
2020-02-29,22,5,2149,171,90,10,5,1712
2020-03-01,22,5,1803,159,69,10,5,1729
2020-03-02,20,4,1416,112,53,12,5,1745
2020-03-03,22,4,1081,96,61,8,5,1763
2020-03-04,22,5,1340,92,46,10,4,1780
2020-03-05,19,4,1180,109,55,8,5,1795
2020-03-06,23,4,1100,105,49,10,5,1814
2020-03-07,23,5,1977,174,76,11,5,1832
2020-03-08,25,5,2145,162,75,12,5,1852
2020-03-09,25,5,1196,112,50,11,6,1872
2020-03-10,19,5,1116,92,69,12,4,1886
2020-03-11,20,5,1310,132,59,11,4,1901
2020-03-12,24,5,1318,110,61,10,5,1920
2020-03-13,24,5,1411,120,58,9,5,1939
2020-03-14,24,5,2210,154,70,11,7,1958
2020-03-15,32,5,2017,175,87,9,5,1985
2020-03-16,24,5,1613,99,62,12,5,2004
2020-03-17,26,4,1398,119,52,11,5,2026
2020-03-18,26,5,1327,111,62,12,5,2047
2020-03-19,25,6,1160,116,61,10,5,2066
2020-03-20,23,6,1353,124,68,11,5,2083
2020-03-21,25,6,2025,153,82,11,5,2102
2020-03-22,22,6,2308,163,76,11,5,2118
2020-03-23,23,5,1476,123,56,11,6,2136
2020-03-24,23,5,1250,143,67,12,6,2154
2020-03-25,24,5,1450,117,48,10,6,2173
2020-03-26,30,5,1528,126,47,10,5,2198
2020-03-27,20,6,1659,118,60,13,6,2212
2020-03-28,26,6,2362,216,85,12,6,2232
2020-03-29,20,5,2344,148,90,12,6,2247
2020-03-30,23,5,1468,122,66,14,6,2265
2020-03-31,27,6,1522,102,57,11,6,2286
2020-04-01,25,6,1657,92,49,13,6,2305
2020-04-02,22,5,1281,126,73,12,6,2322
2020-04-03,23,4,1433,125,55,11,5,2341
2020-04-04,27,5,2064,180,82,14,6,2363
2020-04-05,23,5,2331,184,102,13,7,2381
2020-04-06,26,5,1689,164,59,12,5,2402
2020-04-07,26,6,1419,122,62,13,5,2422
2020-04-08,24,5,1153,133,65,12,6,2441
2020-04-09,31,7,1459,118,69,13,6,2465
2020-04-10,27,6,1667,131,61,9,6,2486
2020-04-11,20,6,2424,187,109,11,6,2500
2020-04-12,26,6,2408,184,75,14,7,2520
2020-04-13,24,5,1502,152,69,12,5,2539
2020-04-14,28,7,1351,145,59,13,7,2560
2020-04-15,24,6,1636,132,73,11,5,2578
2020-04-16,26,6,1431,100,65,15,5,2598
2020-04-17,28,5,1908,126,60,14,6,2621
2020-04-18,29,5,2491,250,103,12,6,2645
2020-04-19,23,7,2227,193,106,12,5,2661
2020-04-20,26,6,1484,147,70,14,5,2681
2020-04-21,26,6,1572,152,59,15,6,2701
2020-04-22,25,6,1553,137,63,14,7,2720
2020-04-23,32,7,1774,123,66,16,7,2745
2020-04-24,28,5,1630,102,66,12,6,2768
2020-04-25,24,7,2231,216,108,12,7,2785
2020-04-26,30,6,2872,187,81,11,6,2809
2020-04-27,34,7,1622,139,70,14,5,2836
2020-04-28,31,6,1742,120,66,13,5,2861
2020-04-29,23,7,1523,134,62,13,6,2877
2020-04-30,26,6,1686,138,63,14,6,2897
2020-05-01,32,6,1681,142,67,15,7,2923
2020-05-02,26,6,1989,184,66,11,7,2943
2020-05-03,29,6,2954,234,96,13,7,2966
2020-05-04,31,7,1854,132,63,15,6,2990
2020-05-05,26,6,1580,117,73,13,6,3010
2020-05-06,28,6,1468,140,64,12,7,3032
2020-05-07,19,6,1711,142,69,15,7,3045
2020-05-08,26,5,1671,145,81,12,5,3066
2020-05-09,28,6,2578,243,117,13,6,3088
2020-05-10,25,8,2542,210,115,14,6,3105
2020-05-11,34,7,1750,142,68,13,7,3132
2020-05-12,25,7,1911,128,75,15,6,3150
2020-05-13,28,7,1767,157,70,13,7,3171
2020-05-14,30,7,1499,148,71,16,7,3194
2020-05-15,34,7,1906,140,75,14,7,3221
2020-05-16,25,6,2934,178,102,15,6,3240
2020-05-17,33,8,3320,252,126,15,6,3265
2020-05-18,30,7,1496,129,72,13,6,3288
2020-05-19,27,7,1729,139,78,11,7,3308
2020-05-20,31,7,1338,154,84,15,7,3332
2020-05-21,31,7,1787,131,82,14,6,3356
2020-05-22,28,7,1602,127,64,15,8,3377
2020-05-23,31,7,3036,177,117,14,7,3401
2020-05-24,29,7,2351,243,121,14,8,3423
2020-05-25,31,7,1413,143,82,18,7,3447
2020-05-26,33,7,1622,197,67,12,6,3473
2020-05-27,36,8,1367,137,71,16,7,3501
2020-05-28,27,6,1834,139,83,14,7,3522
2020-05-29,38,6,1355,145,70,14,7,3554
2020-05-30,25,7,2571,237,111,14,7,3572
2020-05-31,31,7,2032,220,133,14,7,3596
2020-06-01,33,7,1656,165,77,16,7,3622
2020-06-02,32,7,1994,140,72,17,7,3647
2020-06-03,30,7,1775,135,71,16,8,3670
2020-06-04,31,8,1566,128,80,15,7,3693
2020-06-05,30,6,1711,122,68,14,8,3717
2020-06-06,30,7,2581,225,114,16,7,3740
2020-06-07,35,7,2698,231,121,19,7,3768
2020-06-08,33,6,1484,149,89,15,7,3795
2020-06-09,30,7,1821,179,84,15,7,3818
2020-06-10,35,9,1254,180,74,15,5,3844
2020-06-11,33,8,1612,155,89,15,7,3869
2020-06-12,35,8,8185,132,385,55,35,3896
2020-06-13,35,7,2746,228,105,16,8,3924
2020-06-14,30,7,2590,228,118,14,7,3947
2020-06-15,31,7,1480,152,92,13,8,3971
2020-06-16,35,7,1553,152,82,17,6,3999
2020-06-17,35,9,1757,153,81,14,8,4025
2020-06-18,33,8,1710,158,95,15,6,4050
2020-06-19,34,7,1623,154,70,18,7,4077
2020-06-20,38,8,2461,253,106,14,8,4107
2020-06-21,31,8,2765,258,103,14,9,4130
2020-06-22,35,9,1634,151,86,17,8,4156
2020-06-23,33,9,1708,188,84,18,8,4180
2020-06-24,33,7,2097,151,96,14,8,4206
2020-06-25,38,7,1477,141,85,17,7,4237
2020-06-26,37,7,1403,175,80,17,7,4267
2020-06-27,37,8,2785,232,126,13,8,4296
2020-06-28,39,8,2407,262,127,18,7,4327
2020-06-29,34,9,1666,129,70,18,8,4352
2020-06-30,37,8,1586,195,108,16,8,4381
2020-07-01,33,8,1675,183,89,19,9,4406
2020-07-02,36,8,1995,146,87,19,9,4434
2020-07-03,34,7,1857,147,91,17,7,4461
2020-07-04,35,10,2800,303,138,16,8,4486
2020-07-05,37,7,2212,241,127,15,7,4516
2020-07-06,32,8,1520,159,81,17,7,4540
2020-07-07,43,10,1229,135,92,18,7,4573
2020-07-08,32,8,1576,169,90,16,10,4597
2020-07-09,31,8,1879,172,80,13,9,4620
2020-07-10,40,8,1802,189,100,19,10,4652
2020-07-11,38,8,2513,228,135,17,9,4682
2020-07-12,38,10,12819,225,705,85,40,4710
2020-07-13,38,6,1593,186,101,19,8,4742
2020-07-14,36,10,1746,196,89,20,9,4768
2020-07-15,33,7,1841,151,92,12,9,4794
2020-07-16,36,8,1433,199,96,18,8,4822
2020-07-17,34,8,1760,181,83,15,7,4848
2020-07-18,40,9,2800,300,135,18,11,4879
2020-07-19,36,7,2453,270,136,18,8,4908
2020-07-20,34,9,1826,136,81,19,8,4933
2020-07-21,35,10,2184,179,111,17,9,4958
2020-07-22,38,7,1686,202,78,14,8,4989
2020-07-23,35,9,1769,167,79,17,9,5015
2020-07-24,34,8,1577,177,103,19,10,5041
2020-07-25,38,9,2598,271,147,20,9,5070
2020-07-26,38,9,2669,196,123,16,8,5099
2020-07-27,35,8,1733,216,98,20,9,5126
2020-07-28,36,9,1525,169,106,17,8,5153
2020-07-29,38,10,1733,196,92,19,10,5181
2020-07-30,32,9,1945,185,117,17,10,5204
2020-07-31,32,10,1772,211,77,19,9,5226
2020-08-01,35,8,2788,294,150,20,8,5253
2020-08-02,37,8,2481,276,157,16,8,5282
2020-08-03,39,9,1821,172,102,17,9,5312
2020-08-04,44,10,1740,205,92,19,9,5346
2020-08-05,42,9,1531,154,92,23,9,5379
2020-08-06,38,9,1745,203,99,17,9,5408
2020-08-07,38,9,1523,170,103,22,8,5437
2020-08-08,35,8,2376,324,151,22,9,5464
2020-08-09,39,10,2583,292,157,19,7,5493
2020-08-10,38,10,1740,205,86,18,8,5521
2020-08-11,40,9,1488,195,94,17,9,5552
2020-08-12,36,9,1867,160,87,19,10,5579
2020-08-13,41,9,1785,178,93,16,8,5611
2020-08-14,45,9,1569,208,107,19,9,5647
2020-08-15,39,9,2143,298,147,22,9,5677
2020-08-16,41,11,2495,328,184,18,11,5707
2020-08-17,42,9,1612,205,100,19,11,5740
2020-08-18,38,9,1707,178,99,16,9,5769
2020-08-19,41,9,1626,182,99,20,9,5801
2020-08-20,40,10,1348,200,92,20,9,5831
2020-08-21,40,9,1622,153,98,19,9,5862
2020-08-22,37,9,2455,349,165,19,9,5890
2020-08-23,40,11,2692,313,150,19,10,5919
2020-08-24,42,11,1570,225,92,21,10,5950
2020-08-25,46,9,1972,169,91,20,10,5987
2020-08-26,44,8,1366,227,96,20,11,6023
2020-08-27,50,11,1911,247,101,20,11,6062
2020-08-28,38,9,1653,176,113,22,10,6091
2020-08-29,44,10,2755,328,130,21,11,6125
2020-08-30,42,8,2558,306,147,20,9,6159
2020-08-31,50,11,1886,173,103,23,11,6198
2020-09-01,38,8,1628,215,83,21,11,6228
2020-09-02,38,10,1508,222,93,23,11,6256
2020-09-03,39,10,1937,193,95,21,10,6285
2020-09-04,33,9,1677,230,94,16,9,6309
2020-09-05,39,9,2604,258,157,23,8,6339
2020-09-06,39,11,2864,264,151,20,10,6367
2020-09-07,42,10,1526,211,98,20,11,6399
2020-09-08,43,11,1804,209,108,21,10,6431
2020-09-09,50,12,1604,194,122,20,11,6469
2020-09-10,46,8,1683,227,121,21,11,6507
2020-09-11,40,12,1721,221,84,19,10,6535
2020-09-12,39,10,2180,343,166,23,11,6564
2020-09-13,45,9,2368,313,154,20,7,6600
2020-09-14,37,9,1946,225,107,20,9,6628
2020-09-15,51,10,1869,203,101,19,9,6669
2020-09-16,48,11,1708,257,107,21,9,6706
2020-09-17,41,10,1764,196,108,21,11,6737
2020-09-18,36,12,1673,259,100,22,10,6761
2020-09-19,49,9,2942,322,145,19,11,6801
2020-09-20,43,10,2544,277,153,18,11,6834
2020-09-21,49,9,1774,245,110,22,9,6874
2020-09-22,36,11,1935,219,114,24,9,6899
2020-09-23,41,11,1604,235,117,19,11,6929
2020-09-24,44,10,2015,244,103,25,10,6963
2020-09-25,44,8,1479,225,111,22,9,6999
2020-09-26,42,11,3054,307,178,21,11,7030
2020-09-27,47,11,2533,360,181,20,12,7066
2020-09-28,39,11,1715,219,108,18,12,7094
2020-09-29,44,12,1428,235,107,24,11,7126
2020-09-30,45,9,8432,173,560,100,55,7162
2020-10-01,47,11,1586,231,97,20,12,7198
2020-10-02,48,12,1667,207,108,24,10,7234
2020-10-03,40,9,2633,388,178,17,12,7265
2020-10-04,38,11,2932,354,177,18,11,7292
2020-10-05,51,10,1826,228,108,22,12,7333
2020-10-06,46,11,1849,234,114,22,11,7368
2020-10-07,42,11,1602,202,102,23,12,7399
2020-10-08,52,10,1645,261,120,21,11,7441
2020-10-09,46,10,2134,270,111,28,9,7477
2020-10-10,51,11,2523,352,163,22,12,7517
2020-10-11,46,10,3183,393,162,22,10,7553
2020-10-12,55,10,1781,214,112,20,12,7598
2020-10-13,54,12,1833,209,108,22,11,7640
2020-10-14,45,10,2035,229,121,24,12,7675
2020-10-15,50,12,2079,238,109,25,12,7713
2020-10-16,49,11,1830,220,132,19,11,7751
2020-10-17,52,9,2677,363,196,22,12,7794
2020-10-18,42,10,2780,355,156,24,11,7826
2020-10-19,50,12,1933,208,115,24,9,7864
2020-10-20,51,10,2045,243,107,23,11,7905
2020-10-21,38,11,1885,252,111,24,10,7932
2020-10-22,41,12,2009,236,139,21,11,7961
2020-10-23,37,12,2210,260,112,26,10,7986
2020-10-24,46,11,2968,307,180,25,10,8021
2020-10-25,50,10,2961,367,184,20,13,8061
2020-10-26,54,13,1629,207,105,20,12,8102
2020-10-27,48,13,1422,209,107,21,11,8137
2020-10-28,55,12,2012,221,103,25,11,8180
2020-10-29,41,11,1927,214,107,20,11,8210
2020-10-30,39,10,1854,224,84,22,12,8239
2020-10-31,47,10,3016,348,186,24,11,8276
2020-11-01,50,12,2939,387,214,23,13,8314
2020-11-02,48,12,2203,230,120,24,11,8350
2020-11-03,38,13,2006,201,102,21,11,8375
2020-11-04,48,12,1848,267,111,25,11,8411
2020-11-05,42,10,2206,220,114,22,11,8443
2020-11-06,52,13,1972,239,107,23,12,8482
2020-11-07,50,10,3199,378,195,24,11,8522
2020-11-08,44,11,2908,369,195,24,12,8555
2020-11-09,46,12,1912,268,106,24,13,8589
2020-11-10,43,14,2072,254,129,22,11,8618
2020-11-11,48,15,2067,222,139,23,11,8651
2020-11-12,54,12,2174,297,144,24,12,8693
2020-11-13,44,11,2029,249,156,21,11,8726
2020-11-14,52,12,2565,361,166,23,12,8766
2020-11-15,47,13,3023,403,235,25,12,8800
2020-11-16,45,11,2285,252,118,21,13,8834
2020-11-17,49,14,2064,256,115,27,11,8869
2020-11-18,44,12,2085,308,127,27,11,8901
2020-11-19,47,12,2361,240,116,21,11,8936
2020-11-20,44,13,2006,240,128,28,11,8967
2020-11-21,60,12,2754,376,160,24,13,9015
2020-11-22,50,13,3221,414,181,25,10,9052
2020-11-23,47,11,2088,212,140,23,15,9088
2020-11-24,51,11,1992,201,124,27,14,9128
2020-11-25,50,11,2179,236,126,26,12,9167
2020-11-26,49,13,2339,210,131,23,13,9203
2020-11-27,54,13,2239,241,140,22,10,9244
2020-11-28,54,13,3484,397,157,21,15,9285
2020-11-29,48,14,4015,345,199,25,11,9319
2020-11-30,48,12,2200,217,123,26,12,9355
2020-12-01,50,13,2354,256,128,27,10,9392
2020-12-02,39,11,2186,276,140,25,13,9420
2020-12-03,43,12,2120,212,112,22,11,9451
2020-12-04,58,13,2193,276,114,23,12,9496
2020-12-05,60,13,3344,415,154,28,12,9543
2020-12-06,50,12,3658,421,181,24,11,9581
2020-12-07,55,12,2923,288,145,26,11,9624
2020-12-08,53,10,2210,314,127,22,13,9667
2020-12-09,68,12,2293,249,111,26,11,9723
2020-12-10,58,14,2391,261,122,24,11,9767
2020-12-11,51,13,2516,248,110,28,13,9805
2020-12-12,47,13,3747,390,172,27,16,9839
2020-12-13,44,13,4142,450,202,24,13,9870
2020-12-14,53,13,1863,226,114,25,11,9910
2020-12-15,48,12,1884,239,145,24,12,9946
2020-12-16,45,13,2365,298,129,22,13,9978
2020-12-17,49,13,2777,289,132,23,12,10014
2020-12-18,47,13,2122,253,127,26,14,10048
2020-12-19,62,12,2653,429,211,27,13,10098
2020-12-20,58,10,4034,409,213,26,14,10146
2020-12-21,53,14,2621,304,136,25,12,10185
2020-12-22,61,12,2292,267,139,28,14,10234
2020-12-23,54,12,2332,293,129,26,13,10276
2020-12-24,49,14,2349,337,140,28,12,10311
2020-12-25,62,12,2645,283,128,21,16,10361
2020-12-26,57,14,3698,403,199,16,10,10404
2020-12-27,48,14,4164,430,195,27,12,10438
2020-12-28,53,14,1900,258,127,22,12,10477
2020-12-29,49,11,2445,333,125,26,16,10515
2020-12-30,47,15,2385,274,140,26,15,10547
2020-12-31,59,13,2634,263,152,31,15,10593
2021-01-01,65,13,2563,248,150,28,13,10645
2021-01-02,47,13,4411,451,177,27,16,10679
2021-01-03,58,11,3343,442,229,29,14,10726
2021-01-04,51,14,2766,259,131,28,14,10763
2021-01-05,52,12,2922,288,144,25,13,10803
2021-01-06,52,11,3299,232,124,30,13,10844
2021-01-07,50,11,2662,279,138,24,13,10883
2021-01-08,55,15,2904,287,141,28,13,10923
2021-01-09,51,12,3476,483,174,23,14,10962
2021-01-10,57,15,3244,381,217,28,14,11004
2021-01-11,55,13,3098,241,156,28,13,11046
2021-01-12,54,11,2871,252,135,32,15,11089
2021-01-13,50,12,3228,240,157,23,9,11127
2021-01-14,52,15,2503,315,135,26,14,11164
2021-01-15,60,13,3068,321,150,30,14,11211
2021-01-16,59,13,5220,430,162,28,15,11257
2021-01-17,50,14,4607,469,259,28,13,11293
2021-01-18,57,14,3044,283,160,25,14,11336
2021-01-19,60,15,2979,277,135,26,15,11381
2021-01-20,47,16,2522,271,112,31,16,11412
2021-01-21,60,13,3414,272,144,27,13,11459
2021-01-22,53,12,2837,238,120,29,14,11500
2021-01-23,60,13,4784,435,220,27,16,11547
2021-01-24,52,14,3861,423,220,24,11,11585
2021-01-25,46,12,2705,305,128,30,13,11619
2021-01-26,48,12,3523,287,157,29,16,11655
2021-01-27,57,14,2988,280,153,34,15,11698
2021-01-28,59,14,3562,260,156,25,14,11743
2021-01-29,52,14,3101,288,142,30,13,11781
2021-01-30,61,13,3841,460,183,24,13,11829
2021-01-31,48,13,5153,381,235,29,13,11864
2021-02-01,57,13,2981,290,139,31,16,11908
2021-02-02,51,15,3405,294,123,22,13,11944
2021-02-03,54,15,3205,268,163,28,14,11983
2021-02-04,58,11,2716,272,174,27,13,12030
2021-02-05,53,13,3278,296,143,26,15,12070
2021-02-06,56,12,5928,385,264,30,13,12114
2021-02-07,64,13,5122,451,219,32,14,12165
2021-02-08,55,14,3249,265,139,28,12,12206
2021-02-09,63,12,3635,323,136,29,12,12257
2021-02-10,52,13,3365,360,169,29,14,12296
2021-02-11,62,13,3379,267,134,29,12,12345
2021-02-12,67,14,2961,309,157,26,17,12398
2021-02-13,44,14,5124,408,207,32,11,12428
2021-02-14,54,13,5546,487,210,30,13,12469
2021-02-15,63,14,3083,257,162,30,14,12518
2021-02-16,58,13,19293,309,705,135,70,12563
2021-02-17,62,14,3359,270,141,28,13,12611
2021-02-18,56,17,3101,290,164,29,13,12650
2021-02-19,60,16,3758,266,172,25,13,12694
2021-02-20,59,12,4997,483,237,24,14,12741
2021-02-21,67,16,5557,409,208,27,17,12792
2021-02-22,61,16,3354,315,141,31,15,12837
2021-02-23,62,13,3447,289,150,27,16,12886
2021-02-24,58,16,3652,296,154,26,15,12928
2021-02-25,57,17,3595,305,135,27,16,12968
2021-02-26,58,13,2805,278,161,28,10,13013
2021-02-27,63,13,4684,462,226,29,14,13063
2021-02-28,58,16,5785,522,186,36,17,13105
2021-03-01,62,15,3494,279,136,33,14,13152
2021-03-02,73,15,3367,338,143,33,17,13210
2021-03-03,66,15,3080,349,150,33,17,13261
2021-03-04,59,15,3190,279,180,27,14,13305
2021-03-05,68,13,2862,260,155,26,14,13360
2021-03-06,59,16,5343,471,208,27,13,13403
2021-03-07,49,17,5090,433,234,34,14,13435
2021-03-08,55,14,3270,363,147,28,13,13476
2021-03-09,50,15,3606,308,158,26,15,13511
2021-03-10,59,12,3774,282,162,29,13,13558
2021-03-11,62,16,4417,272,172,30,16,13604
2021-03-12,72,16,3109,342,153,31,16,13660
2021-03-13,64,15,6147,436,268,31,12,13709
2021-03-14,61,17,6060,466,252,28,17,13753
2021-03-15,67,14,3405,339,143,33,16,13806
2021-03-16,48,16,3777,295,189,29,16,13838
2021-03-17,64,13,3542,309,160,30,14,13889
2021-03-18,67,15,3789,311,142,33,16,13941
2021-03-19,53,15,4292,333,181,29,17,13979
2021-03-20,70,15,5948,496,282,29,15,14034
2021-03-21,65,15,5907,459,232,33,18,14084
2021-03-22,60,15,3594,316,148,28,15,14129
2021-03-23,67,16,3206,302,154,30,17,14180
2021-03-24,78,15,3694,268,168,33,16,14243
2021-03-25,64,13,4237,323,177,37,16,14294
2021-03-26,65,18,3210,376,166,33,13,14341
2021-03-27,60,17,5094,432,238,33,16,14384
2021-03-28,58,13,5779,438,273,33,14,14429
2021-03-29,69,16,3436,290,153,28,14,14482
2021-03-30,58,15,3516,341,175,32,18,14525
2021-03-31,64,16,3664,333,154,31,15,14573
2021-04-01,61,16,3309,314,166,32,14,14618
2021-04-02,67,15,3465,290,157,32,15,14670
2021-04-03,66,14,6173,484,238,33,13,14722
2021-04-04,71,14,5021,405,231,31,18,14779
2021-04-05,61,14,3241,326,182,32,14,14826
2021-04-06,63,14,3620,350,148,28,16,14875
2021-04-07,58,15,4153,282,149,31,18,14918
2021-04-08,62,14,3798,273,195,36,15,14966
2021-04-09,67,17,3700,374,177,33,17,15016
2021-04-10,70,18,5853,456,184,32,14,15068
2021-04-11,59,15,4816,541,228,38,20,15112
2021-04-12,71,16,4087,320,132,28,17,15167
2021-04-13,74,17,4049,320,147,28,15,15224
2021-04-14,68,17,3743,340,111,38,15,15275
2021-04-15,78,16,4300,298,160,32,16,15337
2021-04-16,60,17,3470,331,144,31,15,15380
2021-04-17,57,17,6534,472,246,28,19,15420
2021-04-18,54,14,5968,427,205,34,14,15460
2021-04-19,76,17,3789,340,165,34,16,15519
2021-04-20,70,17,3917,321,157,29,16,15572
2021-04-21,66,15,3885,325,189,32,16,15623
2021-04-22,68,16,4410,290,188,31,16,15675
2021-04-23,59,17,3509,384,178,33,16,15717
2021-04-24,83,16,5453,540,240,29,18,15784
2021-04-25,67,18,6519,546,297,37,17,15833
2021-04-26,67,20,3704,322,140,36,17,15880
2021-04-27,72,15,4295,275,143,32,11,15937
2021-04-28,70,14,4612,399,165,32,17,15993
2021-04-29,68,17,3785,332,204,32,13,16044
2021-04-30,62,17,4214,309,163,30,17,16089
2021-05-01,70,16,5235,523,246,32,19,16143
2021-05-02,80,19,6367,562,214,32,15,16204
2021-05-03,77,14,4026,335,183,39,16,16267
2021-05-04,78,17,4134,380,184,36,15,16328
2021-05-05,64,15,3693,374,181,36,18,16377
2021-05-06,61,19,3292,301,158,35,17,16419
2021-05-07,67,20,4147,316,157,30,19,16466
2021-05-08,68,15,4699,556,220,33,17,16519
2021-05-09,76,16,5732,370,256,37,17,16579
2021-05-10,57,18,4318,335,151,29,17,16618
2021-05-11,79,16,4021,292,150,36,18,16681
2021-05-12,67,16,4712,325,163,42,14,16732
2021-05-13,66,17,4347,331,162,37,17,16781
2021-05-14,62,13,3684,330,161,39,16,16830
2021-05-15,57,17,5924,486,268,34,18,16870
2021-05-16,74,15,5878,457,258,37,16,16929
2021-05-17,69,16,3312,423,166,31,15,16982
2021-05-18,60,19,3563,409,175,37,17,17023
2021-05-19,60,15,3710,305,155,36,15,17068
2021-05-20,67,18,3128,400,174,35,13,17117
2021-05-21,81,16,3944,332,175,39,18,17182
2021-05-22,68,16,5737,526,220,32,18,17234
2021-05-23,59,18,4896,517,285,34,18,17275
2021-05-24,68,17,4075,325,158,35,19,17326
2021-05-25,68,18,4194,382,175,31,16,17376
2021-05-26,51,19,3999,353,194,35,14,17408
2021-05-27,70,16,3779,332,190,28,17,17462
2021-05-28,68,16,4133,304,175,38,16,17514
2021-05-29,75,15,6246,478,252,35,16,17574
2021-05-30,83,16,6022,439,286,33,17,17641
2021-05-31,78,22,3569,352,187,32,16,17697
2021-06-01,69,19,3993,310,164,34,14,17747
2021-06-02,63,15,4345,343,162,37,16,17795
2021-06-03,89,15,3646,401,139,37,15,17869
2021-06-04,71,18,4684,396,179,32,18,17922
2021-06-05,71,18,5496,529,262,32,16,17975
2021-06-06,71,18,5812,526,295,37,19,18028
2021-06-07,73,17,3597,422,183,32,20,18084
2021-06-08,70,17,3938,374,201,35,18,18137
2021-06-09,67,18,3175,344,165,36,15,18186
2021-06-10,68,17,3631,306,198,36,20,18237
2021-06-11,71,13,3416,371,169,38,20,18295
2021-06-12,68,17,5821,580,288,31,17,18346
2021-06-13,67,16,6305,504,228,28,20,18397
2021-06-14,73,18,4064,369,183,33,16,18452
2021-06-15,70,23,2907,346,143,42,14,18499
2021-06-16,83,18,4582,353,175,43,16,18564
2021-06-17,53,17,19554,271,940,210,105,18600
2021-06-18,80,19,3498,353,171,35,15,18661
2021-06-19,82,18,5769,595,241,29,18,18725
2021-06-20,57,18,5769,508,294,27,18,18764
2021-06-21,70,19,3521,365,179,34,17,18815
2021-06-22,70,21,3841,336,172,35,17,18864
2021-06-23,63,16,3531,377,182,41,18,18911
2021-06-24,67,19,3601,356,230,39,17,18959
2021-06-25,65,16,3488,330,203,37,15,19008
2021-06-26,86,19,4804,621,304,33,18,19075
2021-06-27,80,16,5679,600,285,33,20,19139
2021-06-28,83,17,3943,344,186,37,19,19205
2021-06-29,79,17,3909,385,139,39,16,19267
2021-06-30,65,20,4015,387,171,38,16,19312
2021-07-01,70,20,3823,392,175,32,17,19362
2021-07-02,77,16,3499,306,149,39,21,19423
2021-07-03,65,18,5997,609,244,38,19,19470
2021-07-04,79,17,4772,523,222,32,19,19532
2021-07-05,72,16,3342,357,184,34,20,19588
2021-07-06,71,18,3312,469,200,39,19,19641
2021-07-07,80,17,4054,382,206,36,18,19704
2021-07-08,78,23,3995,357,193,43,19,19759
2021-07-09,72,19,3821,290,168,39,17,19812
2021-07-10,83,16,6039,637,225,35,15,19879
2021-07-11,67,17,4964,484,229,37,20,19929
2021-07-12,80,20,3747,336,163,37,21,19989
2021-07-13,79,22,3568,362,170,34,16,20046
2021-07-14,73,15,3911,428,184,34,20,20104
2021-07-15,78,15,3557,405,168,40,21,20167
2021-07-16,66,22,3453,370,194,40,18,20211
2021-07-17,82,19,5667,582,274,39,17,20274
2021-07-18,74,17,5835,531,282,43,19,20331
2021-07-19,72,19,3331,383,210,35,17,20384
2021-07-20,84,13,3540,381,166,44,17,20455
2021-07-21,70,18,3178,416,197,34,19,20507
2021-07-22,65,19,2661,416,189,34,15,20553
2021-07-23,64,20,3610,399,183,31,16,20597
2021-07-24,81,17,5621,550,309,36,19,20661
2021-07-25,66,19,5427,613,310,36,18,20708
2021-07-26,90,17,2832,378,172,40,19,20781
2021-07-27,60,19,3387,341,187,39,22,20822
2021-07-28,90,17,2726,367,196,33,19,20895
2021-07-29,78,18,3976,386,186,36,20,20955
2021-07-30,76,17,3110,419,202,36,17,21014
2021-07-31,73,20,5881,565,295,31,20,21067
2021-08-01,80,20,5708,507,340,34,18,21127
2021-08-02,77,18,3157,387,163,35,19,21186
2021-08-03,86,19,3071,390,190,44,19,21253
2021-08-04,78,16,3578,393,175,39,21,21315
2021-08-05,79,18,3159,422,205,41,16,21376
2021-08-06,75,19,3479,427,162,32,14,21432
2021-08-07,77,24,4907,547,300,43,18,21485
2021-08-08,80,17,4230,546,271,43,20,21548
2021-08-09,64,22,2661,348,180,31,19,21590
2021-08-10,67,21,3497,417,166,36,21,21636
2021-08-11,84,20,3222,447,185,40,20,21700
2021-08-12,80,22,3219,378,216,41,18,21758
2021-08-13,77,20,3640,382,195,36,15,21815
2021-08-14,79,20,5694,673,312,37,19,21874
2021-08-15,81,19,4949,618,342,36,21,21936
2021-08-16,74,22,3271,410,201,39,18,21988
2021-08-17,73,21,3551,346,185,44,19,22040
2021-08-18,80,18,2918,421,206,36,20,22102
2021-08-19,71,17,3447,358,186,43,17,22156
2021-08-20,82,19,3553,350,187,36,20,22219
2021-08-21,66,18,5388,573,250,36,23,22267
2021-08-22,87,19,4062,559,324,42,19,22335
2021-08-23,83,22,3099,388,190,43,17,22396
2021-08-24,82,18,3056,340,202,43,19,22460
2021-08-25,87,19,3379,436,178,34,15,22528
2021-08-26,93,20,3504,443,207,37,20,22601
2021-08-27,88,21,3839,321,184,43,20,22668
2021-08-28,65,15,4756,657,294,40,23,22718
2021-08-29,70,18,4750,550,325,35,19,22770
2021-08-30,75,20,3712,435,215,41,20,22825
2021-08-31,80,22,3425,398,199,37,18,22883
2021-09-01,85,19,3746,403,165,47,19,22949
2021-09-02,75,16,3418,394,261,46,17,23008
2021-09-03,82,21,2935,451,236,42,19,23069
2021-09-04,75,18,4313,529,324,45,19,23126
2021-09-05,76,17,4202,642,279,40,20,23185
2021-09-06,69,18,3533,449,199,43,18,23236
2021-09-07,73,19,3706,434,191,46,20,23290
2021-09-08,70,19,3924,499,228,41,19,23341
2021-09-09,73,15,3589,384,208,39,19,23399
2021-09-10,90,22,3694,445,187,33,20,23467
2021-09-11,74,22,4675,603,289,40,20,23519
2021-09-12,103,21,4389,687,339,44,21,23601
2021-09-13,86,18,3589,408,236,44,20,23669
2021-09-14,83,20,3446,393,235,42,19,23732
2021-09-15,75,20,3344,462,219,38,20,23787
2021-09-16,88,21,3437,389,199,32,19,23854
2021-09-17,77,21,3416,352,138,38,19,23910
2021-09-18,83,19,5604,583,316,39,24,23974
2021-09-19,103,20,5611,655,307,39,18,24057
2021-09-20,82,21,3493,469,208,43,20,24118
2021-09-21,92,23,3595,417,207,49,19,24187
2021-09-22,77,22,3487,467,178,41,20,24242
2021-09-23,82,22,3165,357,218,40,19,24302
2021-09-24,98,20,3572,395,219,40,21,24380
2021-09-25,78,23,4290,603,331,41,17,24435
2021-09-26,98,21,5515,615,340,38,22,24512
2021-09-27,89,18,2932,419,220,42,22,24583
2021-09-28,79,23,3428,445,199,43,18,24639
2021-09-29,89,22,3054,398,206,42,16,24706
2021-09-30,92,19,3525,423,210,43,18,24779
2021-10-01,89,19,3332,416,210,43,20,24849
2021-10-02,70,21,4221,568,343,34,26,24898
2021-10-03,78,21,5240,621,333,44,22,24955
2021-10-04,82,21,3163,413,253,39,17,25016
2021-10-05,83,21,3659,413,256,37,19,25078
2021-10-06,89,24,3368,422,211,37,20,25143
2021-10-07,86,23,3506,424,129,43,21,25206
2021-10-08,73,21,3055,403,236,41,18,25258
2021-10-09,88,23,4778,714,298,35,20,25323
2021-10-10,90,18,4854,559,291,44,19,25395
2021-10-11,89,21,3689,392,203,36,18,25463
2021-10-12,94,25,3976,541,202,42,21,25532
2021-10-13,92,20,3136,380,224,43,22,25604
2021-10-14,89,19,3787,367,179,46,23,25674
2021-10-15,84,19,2682,456,189,50,22,25739
2021-10-16,71,18,4536,505,330,36,20,25792
2021-10-17,89,19,4668,624,339,42,22,25862
2021-10-18,87,20,2983,518,227,41,21,25929
2021-10-19,88,18,2911,361,196,44,21,25999
2021-10-20,75,21,3610,343,192,43,20,26053
2021-10-21,76,23,3402,364,203,41,20,26106
2021-10-22,95,19,3618,467,219,40,21,26182
2021-10-23,86,24,5605,717,369,38,26,26244
2021-10-24,92,22,5397,612,255,47,22,26314
2021-10-25,86,23,3746,460,210,45,20,26377
2021-10-26,87,20,3501,491,186,47,19,26444
2021-10-27,95,23,3116,509,180,41,20,26516
2021-10-28,82,19,3922,421,236,40,26,26579
2021-10-29,87,23,3348,333,228,38,20,26643
2021-10-30,83,22,4853,597,339,44,23,26704
2021-10-31,83,22,5275,622,354,38,20,26765
2021-11-01,84,19,3264,423,206,51,22,26830
2021-11-02,89,19,3454,427,207,37,23,26900
2021-11-03,83,23,3741,484,265,44,20,26960
2021-11-04,98,19,3755,491,212,50,20,27039
2021-11-05,79,22,3315,429,234,46,25,27096
2021-11-06,86,18,5216,727,327,44,23,27164
2021-11-07,84,23,6094,679,267,39,23,27225
2021-11-08,100,19,3865,441,174,37,23,27306
2021-11-09,89,23,4462,478,206,47,22,27372
2021-11-10,97,23,4147,442,242,50,26,27446
2021-11-11,75,20,4150,530,237,42,22,27501
2021-11-12,90,23,3219,377,240,38,23,27568
2021-11-13,96,22,6059,627,297,33,18,27642
2021-11-14,89,20,5621,654,384,39,20,27711
2021-11-15,98,19,3574,461,199,43,19,27790
2021-11-16,84,17,3861,498,225,51,24,27857
2021-11-17,101,22,4173,442,221,47,16,27936
2021-11-18,109,18,4020,380,217,45,21,28027
2021-11-19,86,22,3507,481,251,42,15,28091
2021-11-20,85,21,6221,717,309,41,20,28155
2021-11-21,102,23,5444,538,288,50,21,28234
2021-11-22,103,21,3977,445,223,45,25,28316
2021-11-23,85,21,3791,375,214,35,23,28380
2021-11-24,86,23,3840,417,298,41,20,28443
2021-11-25,87,23,4245,407,238,40,24,28507
2021-11-26,77,23,3549,484,214,42,22,28561
2021-11-27,81,23,7128,681,300,47,22,28619
2021-11-28,81,18,4902,586,273,44,19,28682
2021-11-29,83,24,3773,489,201,44,20,28741
2021-11-30,90,23,4181,385,227,50,20,28808
2021-12-01,92,20,4286,465,257,41,22,28880
2021-12-02,104,21,4027,414,250,53,22,28963
2021-12-03,81,22,4063,435,230,42,26,29022
2021-12-04,99,22,6411,712,327,45,23,29099
2021-12-05,89,23,6043,714,348,43,16,29165
2021-12-06,90,25,4720,514,214,45,23,29230
2021-12-07,97,25,4511,450,265,47,19,29302
2021-12-08,81,19,4546,468,222,47,20,29364
2021-12-09,94,24,3794,435,225,42,20,29434
2021-12-10,93,25,4186,464,177,40,21,29502
2021-12-11,96,23,6169,714,334,56,19,29575
2021-12-12,94,25,5747,678,370,43,23,29644
2021-12-13,114,27,4433,374,204,48,19,29731
2021-12-14,86,25,4068,473,211,38,23,29792
2021-12-15,87,23,4603,475,247,44,28,29856
2021-12-16,86,25,3875,427,195,45,19,29917
2021-12-17,87,23,5109,400,253,48,22,29981
2021-12-18,86,23,5982,790,325,33,17,30044
2021-12-19,103,22,6747,724,331,46,22,30125
2021-12-20,105,26,4771,450,204,40,24,30204
2021-12-21,87,21,4189,409,239,47,24,30270
2021-12-22,85,26,4844,424,287,41,23,30329
2021-12-23,97,24,3932,523,249,42,25,30402
2021-12-24,87,19,5159,469,211,45,29,30470
2021-12-25,99,24,6799,657,385,41,27,30545
2021-12-26,95,18,6415,732,336,44,21,30622
2021-12-27,79,24,4432,427,264,40,19,30677
2021-12-28,107,25,4961,535,251,37,22,30759
2021-12-29,110,21,4341,529,164,51,21,30848
2021-12-30,87,23,4285,444,209,40,24,30912
2021-12-31,90,27,4551,437,255,45,20,30975
2022-01-01,96,22,6187,517,355,50,23,31049
2022-01-02,97,20,8329,597,313,43,25,31126
2022-01-03,100,26,4451,405,219,42,23,31200
2022-01-04,113,28,5134,475,189,47,21,31285
2022-01-05,92,23,4861,454,232,52,26,31354
2022-01-06,86,25,4312,407,286,41,19,31415
2022-01-07,81,26,4802,457,254,46,22,31470
2022-01-08,87,21,7807,742,430,38,23,31536
2022-01-09,94,22,7135,744,384,45,23,31608
2022-01-10,111,26,5451,382,260,47,24,31693
2022-01-11,90,27,5391,466,282,43,25,31756
2022-01-12,97,24,5364,408,245,45,23,31829
2022-01-13,95,21,4708,516,232,40,22,31903
2022-01-14,106,28,4420,511,261,47,22,31981
2022-01-15,119,22,7009,648,406,52,22,32078
2022-01-16,90,22,7646,658,339,42,25,32146
2022-01-17,90,24,5295,454,220,44,22,32212
2022-01-18,105,27,3947,369,241,50,25,32290
2022-01-19,102,25,5059,493,258,53,23,32367
2022-01-20,113,24,5165,464,257,40,22,32456
2022-01-21,101,25,4964,524,204,46,25,32532
2022-01-22,92,24,8684,639,426,49,22,32600
2022-01-23,102,25,8049,673,336,47,25,32677
2022-01-24,107,17,5847,407,233,36,24,32767
2022-01-25,104,23,5078,432,218,50,22,32848
2022-01-26,101,24,5701,424,305,55,25,32925
2022-01-27,107,21,6087,529,246,48,25,33011
2022-01-28,108,25,5942,448,220,43,26,33094
2022-01-29,110,23,7046,732,391,45,26,33181
2022-01-30,103,28,7739,696,388,56,25,33256
2022-01-31,95,27,5131,422,237,52,21,33324
2022-02-01,98,23,5596,476,262,51,30,33399
2022-02-02,109,23,5723,513,222,50,20,33485
2022-02-03,89,24,4924,426,230,45,26,33550
2022-02-04,101,23,5432,525,193,47,25,33628
2022-02-05,93,24,6482,667,315,48,21,33697
2022-02-06,98,22,9328,694,430,51,24,33773
2022-02-07,110,21,5175,513,283,56,24,33862
2022-02-08,99,25,5505,455,245,54,27,33936
2022-02-09,98,25,5324,490,284,41,22,34009
2022-02-10,84,22,6144,473,240,49,23,34071
2022-02-11,105,26,3961,496,238,52,18,34150
2022-02-12,104,22,8312,559,369,52,28,34232
2022-02-13,119,25,8266,601,363,45,21,34326
2022-02-14,95,26,5334,521,240,63,25,34395
2022-02-15,100,24,6573,542,273,42,24,34471
2022-02-16,101,25,5125,447,249,43,24,34547
2022-02-17,114,23,6078,480,263,50,26,34638
2022-02-18,98,24,5861,508,271,59,28,34712
2022-02-19,101,24,9591,792,384,45,25,34789
2022-02-20,105,22,7972,591,334,48,26,34872
2022-02-21,101,24,5294,451,213,54,25,34949
2022-02-22,95,20,6357,479,251,49,27,35024
2022-02-23,101,23,5990,531,243,47,23,35102
2022-02-24,110,24,4871,620,250,52,27,35188
2022-02-25,89,24,5467,485,247,51,27,35253
2022-02-26,101,24,9029,640,468,54,27,35330
2022-02-27,93,24,9446,777,322,56,23,35399
2022-02-28,112,26,5430,564,199,51,24,35485
2022-03-01,85,27,4139,504,257,51,25,35543
2022-03-02,94,23,6164,454,240,51,21,35614
2022-03-03,104,21,5156,548,257,52,28,35697
2022-03-04,116,22,4699,534,264,50,24,35791
2022-03-05,100,23,6345,675,423,50,25,35868
2022-03-06,95,24,9596,781,319,56,23,35939
2022-03-07,119,23,6007,552,237,57,21,36035
2022-03-08,86,21,5810,562,262,42,23,36100
2022-03-09,78,24,6785,500,271,50,25,36154
2022-03-10,105,25,6352,486,307,46,26,36234
2022-03-11,96,26,6951,566,276,48,25,36304
2022-03-12,91,23,7741,666,375,52,26,36372
2022-03-13,108,24,8982,792,345,53,24,36456
2022-03-14,104,22,5047,437,238,50,26,36538
2022-03-15,96,25,5895,560,238,40,29,36609
2022-03-16,88,23,5894,494,270,45,27,36674
2022-03-17,110,26,6435,572,260,55,27,36758
2022-03-18,108,20,6094,533,220,36,26,36846
2022-03-19,101,24,9685,669,364,56,21,36923
2022-03-20,121,26,9776,873,414,53,22,37018
2022-03-21,91,25,7413,589,263,57,26,37084
2022-03-22,86,32,5916,555,269,50,25,37138
2022-03-23,95,26,5542,472,265,40,26,37207
2022-03-24,102,22,6279,496,297,53,29,37287
2022-03-25,105,25,5644,519,261,57,27,37367
2022-03-26,100,21,10586,714,369,55,28,37446
2022-03-27,106,25,8969,900,348,47,25,37527
2022-03-28,90,23,5814,521,263,51,23,37594
2022-03-29,118,28,5879,375,194,48,25,37684
2022-03-30,102,24,6622,532,252,47,23,37762
2022-03-31,115,25,6088,497,252,56,29,37852
2022-04-01,107,24,5795,512,222,45,27,37935
2022-04-02,108,30,10848,745,351,47,27,38013
2022-04-03,109,25,8512,837,418,45,29,38097
2022-04-04,108,30,6233,575,264,44,20,38175
2022-04-05,110,27,6622,532,261,52,27,38258
2022-04-06,117,27,5207,501,267,57,22,38348
2022-04-07,106,26,6527,517,261,50,25,38428
2022-04-08,111,26,5575,520,291,44,25,38513
2022-04-09,103,20,10126,717,394,56,27,38596
2022-04-10,119,25,8461,826,333,60,26,38690
2022-04-11,97,28,6678,545,302,48,29,38759
2022-04-12,123,25,6940,602,270,49,24,38857
2022-04-13,104,22,6791,588,245,54,27,38939
2022-04-14,89,25,6412,487,228,60,26,39003
2022-04-15,106,30,6113,566,271,49,21,39079
2022-04-16,98,29,8848,711,387,45,23,39148
2022-04-17,114,26,53881,841,2272,275,125,39236
2022-04-18,98,28,5826,498,253,56,29,39306
2022-04-19,100,25,5615,472,240,52,27,39381
2022-04-20,85,21,6683,541,286,49,23,39445
2022-04-21,100,23,5768,385,287,57,25,39522
2022-04-22,80,30,5672,435,267,55,31,39572
2022-04-23,89,25,8045,777,421,48,26,39636
2022-04-24,114,25,8947,798,394,53,25,39725
2022-04-25,114,25,6215,509,270,45,27,39814
2022-04-26,110,31,6419,445,295,56,28,39893
2022-04-27,96,30,6862,486,281,51,25,39959
2022-04-28,106,32,6595,551,260,50,27,40033
2022-04-29,106,26,6143,562,301,52,25,40113
2022-04-30,94,27,9206,795,303,53,28,40180
2022-05-01,122,22,9867,889,480,57,27,40280
2022-05-02,116,30,7053,554,220,56,27,40366
2022-05-03,104,23,6333,493,249,52,24,40447
2022-05-04,107,27,5957,518,265,57,24,40527
2022-05-05,109,23,5626,459,263,55,29,40613
2022-05-06,85,25,5341,529,294,51,26,40673
2022-05-07,104,24,9984,892,358,52,27,40753
2022-05-08,100,25,9893,858,411,52,25,40828
2022-05-09,96,25,6590,611,252,56,29,40899
2022-05-10,104,25,6146,520,276,51,25,40978
2022-05-11,127,29,7096,610,266,51,26,41076
2022-05-12,114,23,5914,527,271,64,29,41167
2022-05-13,101,27,6803,618,254,58,30,41241
2022-05-14,114,30,9270,807,382,49,25,41325
2022-05-15,123,25,8730,867,415,57,32,41423
2022-05-16,118,25,6558,620,295,54,27,41516
2022-05-17,109,26,6438,530,254,56,24,41599
2022-05-18,101,30,6398,553,246,54,28,41670
2022-05-19,116,27,6220,611,287,60,26,41759
2022-05-20,113,25,6139,535,270,56,28,41847
2022-05-21,118,28,11438,706,439,53,27,41937
2022-05-22,116,24,10313,990,369,59,27,42029
2022-05-23,120,29,6583,518,223,55,24,42120
2022-05-24,103,28,6199,553,257,55,29,42195
2022-05-25,123,26,6739,608,251,56,24,42292
2022-05-26,111,24,6430,512,270,54,24,42379
2022-05-27,132,24,6120,491,255,54,28,42487
2022-05-28,102,28,8865,840,439,51,31,42561
2022-05-29,128,30,9054,673,397,50,26,42659
2022-05-30,112,25,4150,532,277,49,29,42746
2022-05-31,102,28,6194,561,278,47,30,42820
2022-06-01,104,21,5759,534,279,50,29,42903
2022-06-02,106,25,7008,464,273,53,26,42984
2022-06-03,115,27,6046,637,288,55,24,43072
2022-06-04,116,25,7962,834,379,53,21,43163
2022-06-05,104,24,8976,945,469,42,26,43243
2022-06-06,110,25,5374,537,269,63,30,43328
2022-06-07,134,28,6274,503,239,61,24,43434
2022-06-08,130,27,6153,567,281,57,29,43537
2022-06-09,115,21,6540,541,252,65,25,43631
2022-06-10,111,21,5485,488,295,49,27,43721
2022-06-11,112,26,8946,952,507,65,29,43807
2022-06-12,118,28,7683,780,382,50,25,43897
2022-06-13,100,20,6335,453,286,56,28,43977
2022-06-14,108,26,6214,629,229,48,26,44059
2022-06-15,93,26,6187,528,290,55,29,44126
2022-06-16,116,31,5883,523,253,57,28,44211
2022-06-17,119,26,6113,459,261,54,28,44304
2022-06-18,106,28,10195,982,372,59,32,44382
2022-06-19,129,28,8515,729,448,56,29,44483
2022-06-20,98,21,5911,562,307,52,26,44560
2022-06-21,95,30,5185,610,280,52,27,44625
2022-06-22,114,28,5299,583,255,60,27,44711
2022-06-23,124,29,5847,557,324,52,28,44806
2022-06-24,131,39,6414,465,259,61,35,44898
2022-06-25,107,22,8423,774,330,63,29,44983
2022-06-26,125,32,8420,859,439,46,22,45076
2022-06-27,112,27,5502,518,250,62,26,45161
2022-06-28,111,28,5416,575,309,67,22,45244
2022-06-29,123,28,5876,602,271,57,27,45339
2022-06-30,120,27,4841,618,299,59,22,45432
2022-07-01,95,26,6407,495,321,62,25,45501
2022-07-02,130,29,7933,1033,372,54,23,45602
2022-07-03,129,23,9090,913,399,57,29,45708
2022-07-04,106,30,4921,566,281,49,28,45784
2022-07-05,118,27,5999,629,327,57,29,45875
2022-07-06,119,25,5987,702,265,59,28,45969
2022-07-07,116,27,5810,486,267,59,24,46058
2022-07-08,107,31,5026,556,297,62,29,46134
2022-07-09,106,26,8558,651,402,52,33,46214
2022-07-10,114,29,7343,870,433,53,29,46299
2022-07-11,127,26,5398,591,240,67,27,46400
2022-07-12,120,30,6092,568,348,56,24,46490
2022-07-13,110,30,5949,534,247,58,25,46570
2022-07-14,123,33,5504,454,276,56,29,46660
2022-07-15,82,28,4947,594,285,52,31,46714
2022-07-16,128,30,8731,984,511,66,29,46812
2022-07-17,95,28,8196,808,372,54,30,46879
2022-07-18,111,32,4177,599,343,50,30,46958
2022-07-19,102,26,5850,484,308,54,30,47034
2022-07-20,100,30,5399,601,299,45,26,47104
2022-07-21,128,28,6047,553,259,53,29,47204
2022-07-22,110,28,4794,532,304,52,26,47286
2022-07-23,119,29,5497,799,400,61,28,47376
2022-07-24,115,29,8259,831,487,53,29,47462
2022-07-25,121,28,5499,600,260,62,33,47555
2022-07-26,116,29,4429,502,285,65,25,47642
2022-07-27,101,33,4796,556,273,62,30,47710
2022-07-28,127,31,6765,577,261,56,33,47806
2022-07-29,110,31,5129,516,311,58,31,47885
2022-07-30,98,27,8495,1027,457,49,31,47956
2022-07-31,111,26,7384,796,487,57,30,48041
2022-08-01,134,31,4154,542,238,53,32,48144
2022-08-02,126,31,5150,525,321,62,25,48239
2022-08-03,112,33,5088,687,364,73,25,48318
2022-08-04,112,27,5006,615,278,61,29,48403
2022-08-05,113,28,5143,529,347,46,22,48488
2022-08-06,141,24,7992,973,426,56,32,48605
2022-08-07,121,28,7652,894,378,59,32,48698
2022-08-08,122,32,4514,600,283,59,27,48788
2022-08-09,129,27,5406,565,323,54,28,48890
2022-08-10,120,31,4141,542,268,60,29,48979
2022-08-11,114,28,4080,607,275,51,29,49065
2022-08-12,115,30,5501,555,311,53,29,49150
2022-08-13,117,26,8056,1042,441,62,31,49241
2022-08-14,117,29,7607,771,466,52,28,49329
2022-08-15,126,20,4380,679,301,62,32,49435
2022-08-16,118,28,4721,583,308,50,30,49525
2022-08-17,127,24,4937,608,282,69,27,49628
2022-08-18,117,33,4254,640,302,54,33,49712
2022-08-19,119,31,4678,554,268,57,25,49800
2022-08-20,95,30,8058,964,499,61,29,49865
2022-08-21,129,34,8628,648,415,55,32,49960
2022-08-22,123,26,4813,550,329,60,27,50057
2022-08-23,130,34,5396,538,289,62,30,50153
2022-08-24,84,32,4049,519,302,65,31,50205
2022-08-25,144,29,5330,582,282,64,27,50320
2022-08-26,117,33,4591,618,267,58,29,50404
2022-08-27,132,26,7707,955,367,58,29,50510
2022-08-28,107,27,7282,915,399,73,28,50590
2022-08-29,127,28,5627,557,288,65,36,50689
2022-08-30,107,28,4530,619,304,54,27,50768
2022-08-31,112,26,5269,605,329,60,32,50854
2022-09-01,143,33,4813,654,285,57,28,50964
2022-09-02,117,29,4868,645,272,59,26,51052
2022-09-03,122,31,7275,901,384,52,30,51143
2022-09-04,130,28,6777,819,471,57,31,51245
2022-09-05,126,24,4923,561,341,70,32,51347
2022-09-06,122,30,4894,568,338,63,34,51439
2022-09-07,125,24,5040,582,322,45,38,51540
2022-09-08,149,29,4959,618,320,67,30,51660
2022-09-09,120,26,5305,645,352,66,28,51754
2022-09-10,123,36,8046,900,466,58,31,51841
2022-09-11,133,32,6588,906,481,64,29,51942
2022-09-12,134,30,5331,613,292,55,33,52046
2022-09-13,135,34,4320,573,261,57,26,52147
2022-09-14,129,27,5188,549,281,69,37,52249
2022-09-15,107,31,5201,499,302,58,32,52325
2022-09-16,141,30,3961,564,304,49,25,52436
2022-09-17,107,31,7412,952,541,60,28,52512
2022-09-18,125,34,6998,847,459,60,32,52603
2022-09-19,112,32,4523,593,339,68,33,52683
2022-09-20,121,31,5556,637,290,60,26,52773
2022-09-21,126,25,4575,641,294,58,32,52874
2022-09-22,126,27,4501,544,264,67,24,52973
2022-09-23,127,30,4933,671,282,61,30,53070
2022-09-24,142,30,7851,1018,481,56,33,53182
2022-09-25,128,27,7245,813,457,68,28,53283
2022-09-26,119,37,5473,561,334,62,25,53365
2022-09-27,134,35,5165,685,311,61,31,53464
2022-09-28,137,32,3837,604,295,62,28,53569
2022-09-29,107,30,4650,477,372,54,32,53646
2022-09-30,130,30,4637,528,304,58,27,53746
2022-10-01,131,27,7730,898,513,61,28,53850
2022-10-02,119,30,5444,814,442,60,24,53939
2022-10-03,140,31,6181,590,329,69,31,54048
2022-10-04,121,26,5192,618,336,62,30,54143
2022-10-05,125,31,5009,707,314,66,27,54237
2022-10-06,121,30,5526,599,235,61,31,54328
2022-10-07,124,24,6107,684,309,68,34,54428
2022-10-08,110,28,8079,1059,520,64,30,54510
2022-10-09,106,29,8148,1060,487,61,31,54587
2022-10-10,144,36,5033,637,323,61,31,54695
2022-10-11,113,32,4905,498,256,56,27,54776
2022-10-12,112,26,4747,649,287,65,37,54862
2022-10-13,97,32,4579,686,323,61,29,54927
2022-10-14,116,26,4657,616,323,59,33,55017
2022-10-15,108,34,6500,1095,522,69,33,55091
2022-10-16,145,29,7471,1014,459,54,30,55207
2022-10-17,137,30,4181,658,324,59,33,55314
2022-10-18,116,35,5135,691,312,68,31,55395
2022-10-19,153,27,5031,645,281,64,26,55521
2022-10-20,137,26,5134,469,241,62,30,55632
2022-10-21,121,29,4806,594,326,64,29,55724
2022-10-22,94,34,9970,1050,477,63,29,55784
2022-10-23,154,26,8682,862,439,53,27,55912
2022-10-24,108,22,4471,613,262,60,34,55998
2022-10-25,105,29,5239,562,333,72,36,56074
2022-10-26,138,33,4821,740,305,58,34,56179
2022-10-27,156,35,4624,734,331,60,35,56300
2022-10-28,143,29,4468,573,373,59,30,56414
2022-10-29,133,30,8096,958,370,62,29,56517
2022-10-30,133,35,7253,880,438,59,29,56615
2022-10-31,137,25,5706,669,308,66,33,56727
2022-11-01,136,30,5736,663,361,64,32,56833
2022-11-02,130,32,5953,683,264,68,31,56931
2022-11-03,128,33,4801,653,377,56,35,57026
2022-11-04,126,30,5516,818,320,61,32,57122
2022-11-05,117,31,8424,852,469,61,29,57208
2022-11-06,123,23,7571,787,465,66,29,57308
2022-11-07,105,29,4905,609,303,58,33,57384
2022-11-08,126,33,6192,535,350,69,35,57477
2022-11-09,114,28,5473,540,283,71,33,57563
2022-11-10,113,31,5710,572,328,57,37,57645
2022-11-11,129,33,4944,578,306,60,37,57741
2022-11-12,145,30,7120,864,441,60,33,57856
2022-11-13,139,32,7674,1005,601,80,29,57963
2022-11-14,107,28,5377,606,332,61,27,58042
2022-11-15,115,31,4882,627,338,74,30,58126
2022-11-16,140,33,5478,696,355,55,34,58233
2022-11-17,115,32,4574,591,274,57,37,58316
2022-11-18,125,30,4906,623,376,59,33,58411
2022-11-19,135,32,8877,996,360,58,35,58514
2022-11-20,116,34,8855,775,444,62,31,58596
2022-11-21,130,25,5369,489,306,59,34,58701
2022-11-22,111,35,5039,664,339,58,34,58777
2022-11-23,121,31,5053,674,328,71,25,58867
2022-11-24,133,33,27214,776,1580,360,150,58967
2022-11-25,108,36,6042,654,321,70,35,59039
2022-11-26,134,27,9342,1045,435,67,33,59146
2022-11-27,129,29,8156,948,411,65,28,59246
2022-11-28,136,31,5082,665,346,61,24,59351
2022-11-29,132,29,5923,754,345,58,31,59454
2022-11-30,147,37,5315,509,374,67,32,59564
2022-12-01,131,29,5515,674,298,57,29,59666
2022-12-02,124,30,6615,786,346,58,32,59760
2022-12-03,131,33,9525,999,471,72,34,59858
2022-12-04,137,28,8974,1134,544,77,34,59967
2022-12-05,130,31,5162,608,357,67,24,60066
2022-12-06,130,33,6065,648,331,72,28,60163
2022-12-07,121,31,6598,653,314,63,31,60253
2022-12-08,121,32,5765,506,356,56,34,60342
2022-12-09,112,30,6828,575,346,69,34,60424
2022-12-10,153,27,10233,870,454,68,34,60550
2022-12-11,114,33,10615,1059,423,65,31,60631
2022-12-12,121,38,6279,710,317,63,31,60714
2022-12-13,121,32,6479,675,376,71,30,60803
2022-12-14,142,33,7015,708,364,58,35,60912
2022-12-15,127,35,6449,644,290,60,29,61004
2022-12-16,147,28,5889,734,289,58,35,61123
2022-12-17,122,38,8920,984,553,66,33,61207
2022-12-18,135,33,9604,990,435,58,32,61309
2022-12-19,120,38,5469,639,345,61,30,61391
2022-12-20,160,30,6218,702,308,61,28,61521
2022-12-21,116,38,7030,630,382,64,30,61599
2022-12-22,136,35,4968,723,303,56,31,61700
2022-12-23,140,34,7371,584,367,66,25,61806
2022-12-24,137,33,10707,880,502,74,32,61910
2022-12-25,129,32,9224,1057,507,66,36,62007
2022-12-26,130,37,6825,655,265,76,34,62100
2022-12-27,133,33,6504,631,257,74,31,62200
2022-12-28,130,26,7332,721,323,71,33,62304
2022-12-29,145,29,7202,622,339,66,31,62420
2022-12-30,162,32,5663,649,294,66,33,62550
2022-12-31,125,34,10504,1134,442,71,38,62641
2023-01-01,114,33,9759,1149,525,63,36,62722
2023-01-02,132,37,6726,769,350,53,34,62817
2023-01-03,167,26,6211,646,327,69,31,62958
2023-01-04,122,33,7903,747,358,59,35,63047
2023-01-05,155,27,7458,603,293,60,27,63175
2023-01-06,156,35,6282,606,321,66,32,63296
2023-01-07,126,33,8854,765,582,66,35,63389
2023-01-08,141,34,9866,1168,504,57,35,63496
2023-01-09,155,30,7167,610,338,67,35,63621
2023-01-10,129,37,7063,660,411,73,34,63713
2023-01-11,131,36,7794,608,287,59,32,63808
2023-01-12,126,35,7503,716,361,75,35,63899
2023-01-13,120,33,7659,645,391,56,30,63986
2023-01-14,125,35,10859,874,486,81,30,64076
2023-01-15,118,31,9091,1051,546,64,33,64163
2023-01-16,135,36,6928,575,303,68,34,64262
2023-01-17,124,39,7846,616,313,54,27,64347
2023-01-18,138,37,7085,531,349,66,35,64448
2023-01-19,114,31,7510,578,363,68,36,64531
2023-01-20,139,34,6949,686,374,66,33,64636
2023-01-21,146,29,9695,813,585,63,41,64753
2023-01-22,108,35,10715,862,502,61,31,64826
2023-01-23,140,35,7485,676,378,75,32,64931
2023-01-24,152,27,6810,639,326,67,32,65056
2023-01-25,119,29,7142,812,368,78,33,65146
2023-01-26,158,32,6653,802,345,64,32,65272
2023-01-27,141,32,8194,619,354,64,29,65381
2023-01-28,126,29,10767,1074,529,73,32,65478
2023-01-29,135,35,12751,1095,427,56,33,65578
2023-01-30,143,34,8588,639,301,59,38,65687
2023-01-31,137,33,7415,578,343,75,41,65791
2023-02-01,143,31,6745,680,282,60,38,65903
2023-02-02,123,37,5957,669,368,55,31,65989
2023-02-03,138,39,6441,652,370,80,31,66088
2023-02-04,117,32,9807,1068,528,58,33,66173
2023-02-05,135,32,12980,946,454,69,40,66276
2023-02-06,124,35,7719,604,388,68,33,66365
2023-02-07,127,32,7954,691,411,49,29,66460
2023-02-08,154,33,5975,711,347,66,32,66581
2023-02-09,152,36,6782,604,359,71,36,66697
2023-02-10,145,27,8415,749,349,70,36,66815
2023-02-11,122,38,11963,846,541,74,33,66899
2023-02-12,133,34,11495,970,508,66,36,66998
2023-02-13,154,32,8242,669,342,73,26,67120
2023-02-14,139,34,45524,644,1870,320,170,67225
2023-02-15,169,34,7674,649,424,59,37,67360
2023-02-16,143,28,7925,818,296,59,31,67475
2023-02-17,140,39,8046,630,341,58,31,67576
2023-02-18,134,34,14714,1287,456,75,28,67676
2023-02-19,140,36,9408,1080,600,58,40,67780
2023-02-20,136,37,8503,697,325,70,32,67879
2023-02-21,148,31,7890,724,295,67,35,67996
2023-02-22,151,36,8456,867,368,68,36,68111
2023-02-23,127,33,7496,624,406,78,39,68205
2023-02-24,120,37,8005,615,369,66,34,68288
2023-02-25,113,27,12959,961,529,73,32,68374
2023-02-26,146,34,15903,1044,541,69,35,68486
2023-02-27,123,32,8759,575,396,68,39,68577
2023-02-28,109,36,7435,697,317,85,34,68650
2023-03-01,144,36,7797,813,344,59,31,68758
2023-03-02,174,32,7792,707,332,78,29,68900
2023-03-03,139,32,6711,676,307,74,30,69007
2023-03-04,151,34,11891,981,505,66,37,69124
2023-03-05,141,31,13228,1140,580,81,33,69234
2023-03-06,138,37,7184,641,369,56,32,69335
2023-03-07,152,33,9116,828,372,66,32,69454
2023-03-08,136,24,8671,835,354,61,35,69566
2023-03-09,144,33,7675,718,368,72,34,69677
2023-03-10,144,31,8182,700,322,62,34,69790
2023-03-11,131,29,14467,1159,508,73,39,69892
2023-03-12,154,30,13413,1167,535,68,40,70016
2023-03-13,138,35,8352,645,360,66,29,70119
2023-03-14,130,39,8160,666,362,73,36,70210
2023-03-15,148,36,8438,610,346,68,32,70322
2023-03-16,128,33,7958,732,338,62,34,70417
2023-03-17,141,36,6632,751,463,90,36,70522
2023-03-18,141,33,15198,915,576,67,34,70630
2023-03-19,156,32,12836,1009,550,54,36,70754
2023-03-20,148,31,8774,611,344,64,37,70871
2023-03-21,141,29,8401,643,337,61,36,70983
2023-03-22,153,33,7840,746,348,76,33,71103
2023-03-23,161,35,8314,656,364,73,33,71229
2023-03-24,149,35,7126,687,287,73,30,71343
2023-03-25,142,33,15640,889,447,68,32,71452
2023-03-26,123,32,11179,1083,498,68,42,71543
2023-03-27,127,37,7634,706,362,68,32,71633
2023-03-28,138,30,8146,658,346,70,31,71741
2023-03-29,133,38,9628,697,407,77,36,71836
2023-03-30,139,32,8550,724,302,73,35,71943
2023-03-31,143,32,7489,654,329,74,34,72054
2023-04-01,150,30,14439,910,615,74,40,72174
2023-04-02,141,33,13777,1263,541,77,37,72282
2023-04-03,149,39,9027,668,388,73,33,72392
2023-04-04,144,37,9185,707,430,73,34,72499
2023-04-05,114,39,10631,787,332,79,33,72574
2023-04-06,129,37,10457,967,354,66,38,72666
2023-04-07,141,31,7997,626,348,65,34,72776
2023-04-08,126,34,14979,1122,432,63,29,72868
2023-04-09,152,33,13385,999,520,72,35,72987
2023-04-10,165,40,9027,678,390,58,30,73112
2023-04-11,161,31,7145,666,378,75,43,73242
2023-04-12,140,39,8456,637,381,71,32,73343
2023-04-13,165,39,7907,716,345,80,35,73469
2023-04-14,146,42,9321,613,336,67,36,73573
2023-04-15,139,34,14295,1182,607,70,34,73678
2023-04-16,135,38,10235,1086,513,80,34,73775
2023-04-17,140,44,8591,751,371,82,37,73871
2023-04-18,139,33,9576,688,366,67,41,73977
2023-04-19,147,30,8449,695,413,73,38,74094
2023-04-20,147,29,9236,743,396,74,41,74212
2023-04-21,144,38,8909,639,314,75,32,74318
2023-04-22,151,29,13349,1047,477,70,37,74440
2023-04-23,162,34,12554,993,574,81,36,74568
2023-04-24,159,37,7554,660,360,58,37,74690
2023-04-25,123,36,7634,572,346,69,41,74777
2023-04-26,108,37,9204,823,399,75,35,74848
2023-04-27,159,37,8608,676,370,75,34,74970
2023-04-28,125,41,8467,811,365,82,38,75054
2023-04-29,142,32,12328,1207,588,81,29,75164
2023-04-30,128,33,12472,951,525,70,35,75259
2023-05-01,119,33,9469,649,421,82,35,75345
2023-05-02,154,39,8279,916,335,67,33,75460
2023-05-03,157,39,7412,857,388,79,40,75578
2023-05-04,137,38,9190,728,417,86,32,75677
2023-05-05,108,40,8371,749,315,81,36,75745
2023-05-06,138,32,12848,1027,529,73,37,75851
2023-05-07,152,42,14855,1144,610,70,41,75961
2023-05-08,125,42,8506,680,408,62,36,76044
2023-05-09,149,39,8760,584,360,75,40,76154
2023-05-10,146,43,7503,636,339,65,39,76257
2023-05-11,155,30,8310,735,402,67,37,76382
2023-05-12,148,34,9004,651,410,64,32,76496
2023-05-13,132,34,10738,1095,486,70,31,76594
2023-05-14,165,39,64777,984,2422,365,185,76720
2023-05-15,145,32,8541,678,376,75,34,76833
2023-05-16,147,39,8479,799,391,69,40,76941
2023-05-17,133,41,9308,755,357,81,39,77033
2023-05-18,141,39,8704,737,393,72,36,77135
2023-05-19,134,37,9653,803,342,68,32,77232
2023-05-20,145,33,11345,1161,436,75,38,77344
2023-05-21,173,33,12748,1269,531,88,33,77484
2023-05-22,127,41,8443,706,372,76,34,77570
2023-05-23,124,39,7465,708,360,71,33,77655
2023-05-24,170,36,9143,644,327,62,36,77789
2023-05-25,145,35,10268,710,303,72,41,77899
2023-05-26,138,29,8302,814,352,75,37,78008
2023-05-27,164,33,13082,1258,606,71,35,78139
2023-05-28,139,44,12535,1221,627,61,31,78234
2023-05-29,176,32,7682,610,416,68,39,78378
2023-05-30,159,37,6754,825,341,85,34,78500
2023-05-31,141,40,7660,608,329,85,37,78601
2023-06-01,181,32,7080,812,391,67,35,78750
2023-06-02,140,37,9608,718,396,79,40,78853
2023-06-03,160,40,12148,1198,582,65,36,78973
2023-06-04,154,37,11840,970,447,85,37,79090
2023-06-05,169,48,8885,835,341,76,39,79211
2023-06-06,173,31,7229,638,372,81,45,79353
2023-06-07,150,41,7501,698,392,62,40,79462
2023-06-08,138,36,8162,674,403,79,37,79564
2023-06-09,157,40,8922,618,380,74,37,79681
2023-06-10,140,39,12714,1135,580,81,35,79782
2023-06-11,180,34,12380,1329,567,81,33,79928
2023-06-12,152,38,8097,952,401,75,35,80042
2023-06-13,145,30,8337,759,387,70,34,80157
2023-06-14,153,39,8158,836,378,81,40,80271
2023-06-15,130,38,7156,770,366,74,33,80363
2023-06-16,136,40,7996,791,379,68,42,80459
2023-06-17,169,41,10632,1092,592,68,40,80587
2023-06-18,141,39,11977,1153,580,64,37,80689
2023-06-19,135,38,7521,795,391,71,37,80786
2023-06-20,159,34,9882,712,428,83,35,80911
2023-06-21,169,35,7830,750,388,76,38,81045
2023-06-22,162,42,6739,752,353,71,41,81165
2023-06-23,166,43,7716,820,412,81,35,81288
2023-06-24,140,36,12309,1015,490,69,32,81392
2023-06-25,130,38,13624,1131,507,76,40,81484
2023-06-26,174,34,7302,904,392,74,39,81624
2023-06-27,147,42,6514,848,399,81,33,81729
2023-06-28,148,40,8350,862,332,64,35,81837
2023-06-29,172,45,6635,762,365,69,34,81964
2023-06-30,160,34,7342,785,357,63,35,82090
2023-07-01,159,36,11190,1257,543,74,36,82213
2023-07-02,185,38,11374,1321,625,85,37,82360
2023-07-03,142,40,8139,614,408,72,35,82462
2023-07-04,167,37,7075,663,380,72,35,82592
2023-07-05,153,34,7366,864,361,83,37,82711
2023-07-06,157,41,7542,743,330,84,38,82827
2023-07-07,176,40,7644,713,436,75,37,82963
2023-07-08,161,34,11375,1003,607,81,42,83090
2023-07-09,161,43,11724,1084,532,68,40,83208
2023-07-10,169,42,8098,659,410,87,32,83335
2023-07-11,148,38,7740,927,380,93,40,83445
2023-07-12,140,38,7763,766,372,80,40,83547
2023-07-13,137,40,6234,763,400,60,36,83644
2023-07-14,123,35,7423,814,355,72,32,83732
2023-07-15,185,38,11576,1264,556,81,38,83879
2023-07-16,137,30,11819,1263,583,73,38,83986
2023-07-17,150,41,6816,853,365,86,34,84095
2023-07-18,150,32,6821,722,411,81,32,84213
2023-07-19,159,44,6864,748,457,71,38,84328
2023-07-20,167,37,7651,831,356,77,37,84458
2023-07-21,168,37,7990,731,321,70,37,84589
2023-07-22,145,36,10391,1158,463,75,38,84698
2023-07-23,152,37,11783,1206,570,73,34,84813
2023-07-24,159,44,7270,835,361,86,37,84928
2023-07-25,151,29,7073,637,395,93,40,85050
2023-07-26,180,43,6991,830,392,66,37,85187
2023-07-27,162,40,7654,757,325,62,32,85309
2023-07-28,166,34,7334,831,317,75,36,85441
2023-07-29,165,34,13045,1255,598,65,34,85572
2023-07-30,173,45,9695,1353,589,78,39,85700
2023-07-31,158,35,7411,883,372,83,40,85823
2023-08-01,135,34,6655,883,324,89,32,85924
2023-08-02,162,43,6399,891,407,79,41,86043
2023-08-03,145,40,6983,802,439,76,34,86148
2023-08-04,147,35,7068,782,400,62,45,86260
2023-08-05,165,39,13477,1272,535,78,38,86386
2023-08-06,175,35,10214,1257,588,78,34,86526
2023-08-07,156,43,6138,757,337,83,34,86639
2023-08-08,161,43,7091,813,432,72,40,86757
2023-08-09,183,41,5457,780,394,74,37,86899
2023-08-10,160,40,6805,716,322,66,38,87019
2023-08-11,197,46,6863,885,380,60,45,87170
2023-08-12,165,39,11069,1182,615,69,36,87296
2023-08-13,129,34,11227,1417,568,66,39,87391
2023-08-14,169,41,6462,657,381,81,44,87519
2023-08-15,163,47,6687,742,344,74,40,87635
2023-08-16,177,35,6255,789,415,74,33,87777
2023-08-17,168,37,5997,876,367,70,41,87908
2023-08-18,155,41,6955,819,308,53,34,88022
2023-08-19,138,39,8811,1218,568,90,44,88121
2023-08-20,154,35,9658,1048,648,70,36,88240
2023-08-21,144,43,6037,697,379,75,51,88341
2023-08-22,148,48,7059,815,463,67,45,88441
2023-08-23,167,40,7881,682,412,86,36,88568
2023-08-24,184,35,5798,748,408,80,39,88717
2023-08-25,164,33,5421,831,390,72,42,88848
2023-08-26,139,40,9839,1071,589,76,42,88947
2023-08-27,165,43,9961,1378,577,92,41,89069
2023-08-28,177,41,6764,890,384,78,44,89205
2023-08-29,149,39,6314,668,417,77,39,89315
2023-08-30,156,37,6466,720,359,71,38,89434
2023-08-31,159,35,6831,613,354,64,38,89558
2023-09-01,146,43,7263,733,352,78,43,89661
2023-09-02,169,43,7928,1284,718,82,41,89787
2023-09-03,157,33,9478,1144,628,88,40,89911
2023-09-04,166,46,6692,833,410,61,43,90031
2023-09-05,145,42,5943,676,356,70,31,90134
2023-09-06,152,45,7668,861,423,75,41,90241
2023-09-07,171,34,6115,754,394,79,40,90378
2023-09-08,153,34,6496,799,407,78,46,90497
2023-09-09,187,39,10319,1188,540,78,33,90645
2023-09-10,153,42,9188,1047,609,83,46,90756
2023-09-11,163,47,5303,708,383,72,40,90872
2023-09-12,175,42,6222,878,369,87,42,91005
2023-09-13,137,39,7164,833,430,83,46,91103
2023-09-14,132,35,6273,886,339,77,42,91200
2023-09-15,136,45,5939,828,423,93,41,91291
2023-09-16,181,36,10627,1221,643,92,41,91436
2023-09-17,152,46,9401,997,549,87,38,91542
2023-09-18,202,39,6148,782,369,56,40,91705
2023-09-19,152,46,6574,802,393,93,37,91811
2023-09-20,164,42,6975,962,413,86,40,91933
2023-09-21,186,39,8017,861,396,96,30,92080
2023-09-22,193,38,7010,930,420,90,42,92235
2023-09-23,194,38,10838,1282,711,93,39,92391
2023-09-24,181,42,9220,1125,574,87,39,92530
2023-09-25,178,40,5811,817,334,91,41,92668
2023-09-26,171,38,6517,827,437,96,34,92801
2023-09-27,174,39,6548,733,472,82,48,92936
2023-09-28,153,40,5782,778,420,68,40,93049
2023-09-29,148,31,6370,793,361,78,39,93166
2023-09-30,162,42,10119,1411,600,84,36,93286
2023-10-01,159,36,10087,963,540,81,40,93409
2023-10-02,155,35,6822,909,431,71,46,93529
2023-10-03,173,33,6689,736,351,67,44,93669
2023-10-04,178,33,6175,701,394,75,44,93814
2023-10-05,164,35,6176,909,365,87,42,93943
2023-10-06,187,37,5735,873,412,94,39,94093
2023-10-07,144,48,11531,1374,588,88,34,94189
2023-10-08,160,38,9808,1320,621,90,39,94311
2023-10-09,151,41,6390,983,408,80,39,94421
2023-10-10,132,42,5938,861,367,67,45,94511
2023-10-11,162,41,8478,804,433,77,42,94632
2023-10-12,161,40,5859,845,406,79,47,94753
2023-10-13,188,35,6290,919,368,77,45,94906
2023-10-14,174,46,10285,1131,750,82,39,95034
2023-10-15,147,48,10484,1147,642,85,33,95133
2023-10-16,194,34,7236,794,403,88,46,95293
2023-10-17,184,36,7811,647,467,79,46,95441
2023-10-18,173,39,6963,831,485,66,35,95575
2023-10-19,160,37,5938,666,404,78,47,95698
2023-10-20,148,43,6482,826,425,82,42,95803
2023-10-21,158,38,10307,1339,555,92,41,95923
2023-10-22,182,50,12092,1174,607,77,47,96055
2023-10-23,195,46,5758,961,403,86,46,96204
2023-10-24,190,42,7516,703,419,84,43,96352
2023-10-25,156,45,6845,922,425,82,43,96463
2023-10-26,146,45,7304,880,435,90,43,96564
2023-10-27,167,38,6687,683,422,77,39,96693
2023-10-28,136,37,9303,1573,543,77,41,96792
2023-10-29,170,41,10949,1231,561,82,37,96921
2023-10-30,163,44,7253,754,390,77,39,97040
2023-10-31,157,41,7489,711,402,86,39,97156
2023-11-01,139,34,6835,809,457,76,38,97261
2023-11-02,174,38,6451,818,366,84,41,97397
2023-11-03,157,41,5809,837,399,82,40,97513
2023-11-04,146,41,11201,1207,681,84,43,97618
2023-11-05,118,49,10823,1323,603,79,34,97687
2023-11-06,165,35,6271,798,434,80,41,97817
2023-11-07,195,43,6588,670,409,83,42,97969
2023-11-08,194,47,6659,819,426,84,40,98116
2023-11-09,159,51,5967,635,406,83,40,98224
2023-11-10,156,39,6454,862,444,97,35,98341
2023-11-11,174,43,9377,1126,528,75,43,98472
2023-11-12,150,44,10174,1270,601,82,44,98578
2023-11-13,172,42,6574,944,429,70,43,98708
2023-11-14,179,41,5963,755,439,86,46,98846
2023-11-15,187,43,8592,924,480,74,42,98990
2023-11-16,165,31,8069,799,401,81,43,99124
2023-11-17,164,44,6635,983,480,80,42,99244
2023-11-18,152,42,11127,1209,585,86,44,99354
2023-11-19,153,40,11324,1150,711,79,35,99467
2023-11-20,163,50,8140,895,453,78,38,99580
2023-11-21,174,39,6702,802,381,95,48,99715
2023-11-22,183,40,8127,768,432,86,31,99858
2023-11-23,154,50,6951,799,417,79,41,99962
2023-11-24,193,38,6395,836,446,81,46,100117
2023-11-25,163,39,11919,1429,616,97,41,100241
2023-11-26,168,41,62986,1017,3052,410,200,100368
2023-11-27,155,45,9398,844,478,78,42,100478
2023-11-28,127,43,6595,895,417,78,40,100562
2023-11-29,183,36,8050,859,456,79,42,100709
2023-11-30,181,39,7244,954,412,79,39,100851
2023-12-01,164,39,8177,837,492,73,46,100976
2023-12-02,170,41,9740,1243,589,74,48,101105
2023-12-03,177,44,10018,1342,594,77,41,101238
2023-12-04,142,44,7078,854,487,89,36,101336
2023-12-05,160,34,7766,813,404,81,40,101462
2023-12-06,182,46,7239,890,491,82,41,101598
2023-12-07,148,43,8279,792,461,95,44,101703
2023-12-08,174,48,8600,796,417,95,38,101829
2023-12-09,146,44,12450,1204,520,82,39,101931
2023-12-10,177,47,13703,1446,634,79,44,102061
2023-12-11,169,44,8223,575,429,77,46,102186
2023-12-12,142,48,6962,883,474,90,39,102280
2023-12-13,190,44,9045,853,492,83,36,102426
2023-12-14,157,42,7509,708,396,81,56,102541
2023-12-15,156,52,8756,878,459,78,45,102645
2023-12-16,174,46,13991,1338,687,78,41,102773
2023-12-17,190,45,12693,1354,708,88,46,102918
2023-12-18,153,37,6910,627,447,74,42,103034
2023-12-19,171,37,7410,970,343,93,46,103168
2023-12-20,178,43,9278,791,420,80,43,103303
2023-12-21,182,43,8088,913,378,84,43,103442
2023-12-22,174,40,8328,918,419,74,42,103576
2023-12-23,165,43,13388,1171,703,85,36,103698
2023-12-24,157,49,13367,1369,661,82,51,103806
2023-12-25,173,45,8599,824,477,85,38,103934
2023-12-26,153,37,8224,680,443,98,37,104050
2023-12-27,121,42,8171,958,373,87,41,104129
2023-12-28,179,39,9196,792,321,79,38,104269
2023-12-29,187,41,8975,785,436,79,42,104415
2023-12-30,131,41,12478,1237,630,91,45,104505
2023-12-31,154,40,14253,1324,582,97,47,104619
2024-01-01,182,37,8498,856,357,88,46,104764
2024-01-02,207,42,7908,908,399,92,41,104929
2024-01-03,172,40,8020,746,422,91,43,105061
2024-01-04,160,30,7861,798,459,98,44,105191
2024-01-05,169,52,8511,853,439,69,35,105308
2024-01-06,196,47,14803,1540,751,92,45,105457
2024-01-07,161,41,12164,1281,580,94,36,105577
2024-01-08,159,43,9021,958,470,74,52,105693
2024-01-09,164,38,8305,868,434,78,41,105819
2024-01-10,156,50,8692,823,462,79,42,105925
2024-01-11,175,51,7606,844,414,80,39,106049
2024-01-12,201,44,8796,852,479,82,40,106206
2024-01-13,179,47,13282,1378,669,88,53,106338
2024-01-14,169,44,14331,1480,606,94,47,106463
2024-01-15,168,37,9302,899,433,96,36,106594
2024-01-16,146,41,8039,972,424,79,49,106699
2024-01-17,189,44,10162,785,456,79,48,106844
2024-01-18,172,41,9396,834,383,98,42,106975
2024-01-19,171,42,9420,807,433,92,44,107104
2024-01-20,230,43,13894,1347,678,87,43,107291
2024-01-21,179,43,13235,1260,655,91,52,107427
2024-01-22,161,43,9542,935,494,86,40,107545
2024-01-23,167,39,9819,791,470,91,44,107673
2024-01-24,194,40,7763,877,436,84,41,107827
2024-01-25,176,38,8931,933,446,89,37,107965
2024-01-26,149,47,9231,693,450,74,53,108067
2024-01-27,191,34,14626,1590,682,81,38,108224
2024-01-28,163,48,16017,1275,535,81,44,108339
2024-01-29,208,49,8833,698,424,84,36,108498
2024-01-30,194,42,9126,890,373,79,42,108650
2024-01-31,167,32,9142,880,494,83,45,108785
2024-02-01,198,42,8894,870,436,74,40,108941
2024-02-02,176,43,9364,965,430,92,46,109074
2024-02-03,190,39,15723,1416,717,87,42,109225
2024-02-04,184,41,13102,1357,687,72,49,109368
2024-02-05,161,50,10213,919,390,80,49,109479
2024-02-06,164,46,8153,871,437,90,41,109597
2024-02-07,194,39,9302,1037,425,83,44,109752
2024-02-08,170,37,9561,751,363,81,44,109885
2024-02-09,169,42,11578,894,410,87,46,110012
2024-02-10,159,43,14508,1332,649,91,44,110128
2024-02-11,184,46,11668,1431,654,75,44,110266
2024-02-12,213,41,8004,809,376,93,43,110438
2024-02-13,158,46,10067,729,492,81,44,110550
2024-02-14,177,52,10679,898,437,88,49,110675
2024-02-15,202,47,10468,910,444,88,47,110830
2024-02-16,175,44,10287,1017,460,83,47,110961
2024-02-17,185,43,16987,1159,612,79,47,111103
2024-02-18,158,42,14434,1483,694,86,43,111219
2024-02-19,185,49,11111,1097,427,103,45,111355
2024-02-20,174,41,8556,854,404,76,39,111488
2024-02-21,195,44,9323,773,469,103,50,111639
2024-02-22,199,44,8419,852,510,86,32,111794
2024-02-23,224,42,10018,890,476,89,44,111976
2024-02-24,188,38,15418,1410,729,79,49,112126
2024-02-25,184,45,15703,1255,633,82,38,112265
2024-02-26,181,44,10439,1029,374,84,46,112402
2024-02-27,172,46,9433,792,512,79,41,112528
2024-02-28,184,42,10223,737,537,87,42,112670
2024-02-29,173,50,8880,991,515,85,48,112793
2024-03-01,181,40,11893,690,431,105,45,112934
2024-03-02,202,52,15255,1312,592,78,35,113084
2024-03-03,160,36,14994,1759,598,90,40,113208
2024-03-04,199,46,12204,893,372,91,49,113361
2024-03-05,202,46,9240,795,442,79,46,113517
2024-03-06,177,41,9381,890,519,95,52,113653
2024-03-07,141,46,9429,891,441,86,52,113748
2024-03-08,168,50,10537,911,462,67,43,113866
2024-03-09,202,34,16631,1435,765,95,56,114034
2024-03-10,179,47,17151,1206,645,79,45,114166
2024-03-11,161,33,13408,1050,540,80,40,114294
2024-03-12,170,40,8278,921,539,96,42,114424
2024-03-13,195,52,11350,965,443,86,34,114567
2024-03-14,189,42,10117,843,424,98,52,114714
2024-03-15,175,39,10101,1016,481,100,52,114850
2024-03-16,173,44,15120,1317,651,84,40,114979
2024-03-17,173,54,14673,1389,597,97,44,115098
2024-03-18,163,36,12589,818,508,83,45,115225
2024-03-19,209,40,11697,812,506,110,40,115394
2024-03-20,174,51,10827,965,458,84,37,115517
2024-03-21,202,53,12276,863,394,99,44,115666
2024-03-22,208,44,9188,827,396,98,43,115830
2024-03-23,199,39,14094,1269,685,93,43,115990
2024-03-24,173,54,12729,1453,645,84,46,116109
2024-03-25,188,52,10100,849,437,89,51,116245
2024-03-26,180,48,11046,896,499,71,43,116377
2024-03-27,165,41,10991,908,486,92,46,116501
2024-03-28,187,45,11051,733,516,93,48,116643
2024-03-29,160,44,9359,774,409,92,47,116759
2024-03-30,203,46,17671,1408,657,63,42,116916
2024-03-31,173,52,16760,1263,733,79,45,117037
2024-04-01,185,49,11720,1006,475,84,47,117173
2024-04-02,187,40,8858,998,524,93,40,117320
2024-04-03,177,51,11271,976,474,93,51,117446
2024-04-04,193,47,9637,1077,540,89,52,117592
2024-04-05,173,48,10507,904,480,97,42,117717
2024-04-06,198,52,17295,1456,756,81,46,117863
2024-04-07,158,40,16573,1288,661,96,48,117981
2024-04-08,185,45,10019,1137,457,95,43,118121
2024-04-09,218,43,10961,1095,498,94,47,118296
2024-04-10,164,38,9278,915,531,89,46,118422
2024-04-11,170,47,12218,950,491,108,39,118545
2024-04-12,192,57,10734,1040,454,96,47,118680
2024-04-13,186,37,18277,1353,781,82,40,118829
2024-04-14,189,45,15574,1284,535,93,50,118973
2024-04-15,192,48,10385,997,393,98,42,119117
2024-04-16,195,46,10120,925,490,86,45,119266
2024-04-17,204,45,11916,935,459,101,52,119425
2024-04-18,191,39,10176,842,487,95,48,119577
2024-04-19,179,47,11656,761,462,70,41,119709
2024-04-20,196,42,15792,1411,729,94,41,119863
2024-04-21,219,35,13171,1506,633,88,43,120047
2024-04-22,181,51,10314,900,486,97,47,120177
2024-04-23,166,50,9644,1054,506,100,47,120293
2024-04-24,204,46,10965,857,517,94,42,120451
2024-04-25,182,47,9621,825,554,107,40,120586
2024-04-26,144,51,11926,917,472,90,47,120679
2024-04-27,200,47,16215,1374,711,98,45,120832
2024-04-28,175,50,16062,1492,586,99,56,120957
2024-04-29,183,44,11607,853,437,91,46,121096
2024-04-30,191,52,11934,1052,453,99,54,121235
2024-05-01,188,47,10854,1108,511,87,40,121376
2024-05-02,198,47,10028,923,435,88,39,121527
2024-05-03,177,40,8930,1043,500,80,41,121664
2024-05-04,195,47,15152,1243,694,95,51,121812
2024-05-05,180,42,15249,1542,682,95,54,121950
2024-05-06,199,43,10939,1026,475,103,42,122106
2024-05-07,197,42,10438,1009,446,100,44,122261
2024-05-08,168,41,11542,928,444,90,41,122388
2024-05-09,206,56,10124,655,385,82,38,122538
2024-05-10,176,52,10711,871,453,97,49,122662
2024-05-11,201,55,18048,1309,664,103,47,122808
2024-05-12,193,40,16667,1260,661,100,46,122961
2024-05-13,220,46,10665,944,485,103,40,123135
2024-05-14,182,40,10070,894,497,91,54,123277
2024-05-15,180,43,10020,856,477,89,44,123414
2024-05-16,186,42,9773,835,513,86,49,123558
2024-05-17,181,52,10089,867,494,92,39,123687
2024-05-18,202,44,17182,1560,679,92,45,123845
2024-05-19,156,51,15595,1311,669,95,48,123950
2024-05-20,167,49,9182,888,482,92,48,124068
2024-05-21,167,57,12470,894,495,92,47,124178
2024-05-22,205,39,10916,969,534,86,49,124344
2024-05-23,219,52,9073,980,524,102,41,124511
2024-05-24,185,52,10074,652,443,94,47,124644
2024-05-25,184,42,15956,1552,696,92,47,124786
2024-05-26,189,51,18436,1611,751,86,48,124924
2024-05-27,209,48,9319,841,520,81,47,125085
2024-05-28,170,45,11480,849,514,106,41,125210
2024-05-29,192,43,11898,898,467,99,40,125359
2024-05-30,206,43,9761,870,411,78,36,125522
2024-05-31,197,56,10106,963,424,101,50,125663
2024-06-01,192,47,13947,1138,726,102,51,125808
2024-06-02,207,50,15211,1255,730,95,51,125965
2024-06-03,137,43,10291,1089,420,109,48,126059
2024-06-04,201,43,10986,856,474,96,37,126217
2024-06-05,176,52,11403,1062,502,81,42,126341
2024-06-06,154,40,9491,979,418,98,48,126455
2024-06-07,198,45,8221,774,525,96,47,126608
2024-06-08,215,47,15284,1509,682,88,46,126776
2024-06-09,186,47,15728,1404,799,100,49,126915
2024-06-10,207,46,10415,904,448,78,47,127076
2024-06-11,220,49,9805,971,425,104,47,127247
2024-06-12,214,50,10238,993,452,86,44,127411
2024-06-13,221,50,11616,1016,470,85,52,127582
2024-06-14,204,42,10446,1061,456,93,45,127744
2024-06-15,191,46,14492,1483,696,99,41,127889
2024-06-16,159,53,14264,1230,736,96,43,127995
2024-06-17,185,51,9815,906,467,88,45,128129
2024-06-18,174,41,11588,1232,472,90,52,128262
2024-06-19,231,49,9750,1021,394,84,47,128444
2024-06-20,187,38,9886,1178,495,93,46,128593
2024-06-21,193,47,9402,1086,472,105,41,128739
2024-06-22,201,56,16402,1465,829,95,51,128884
2024-06-23,191,43,17626,1474,648,103,44,129032
2024-06-24,223,43,10240,951,391,109,47,129212
2024-06-25,179,51,9852,789,507,89,54,129340
2024-06-26,195,40,9779,958,494,93,50,129495
2024-06-27,177,44,7399,1072,430,116,40,129628
2024-06-28,166,50,10410,900,405,109,39,129744
2024-06-29,179,44,14687,1495,828,79,47,129879
2024-06-30,191,46,15069,1560,820,99,42,130024
2024-07-01,183,51,8923,871,360,95,51,130156
2024-07-02,178,49,9210,916,457,103,48,130285
2024-07-03,165,49,9158,862,559,88,48,130401
2024-07-04,190,46,10496,881,457,87,44,130545
2024-07-05,163,49,9135,837,457,89,56,130659
2024-07-06,207,47,17160,1312,700,90,61,130819
2024-07-07,194,50,14770,1647,640,104,46,130963
2024-07-08,164,45,8211,874,399,84,49,131082
2024-07-09,186,47,9264,975,532,90,48,131221
2024-07-10,178,43,8747,915,393,79,46,131356
2024-07-11,199,48,7282,1078,494,106,44,131507
2024-07-12,218,44,10790,1091,525,108,43,131681
2024-07-13,156,42,14891,1572,618,93,42,131795
2024-07-14,195,49,14610,1492,657,93,50,131941
2024-07-15,190,49,9372,944,541,101,45,132082
2024-07-16,206,52,7922,851,509,110,35,132236
2024-07-17,197,46,8722,1155,453,100,50,132387
2024-07-18,179,50,9908,894,542,90,48,132516
2024-07-19,187,51,8154,1033,542,81,54,132652
2024-07-20,178,50,10177,1606,745,86,50,132780
2024-07-21,214,44,13278,1372,661,97,41,132950
2024-07-22,194,49,8904,1071,465,90,37,133095
2024-07-23,231,50,9128,1045,499,98,45,133276
2024-07-24,193,48,9634,1139,476,91,45,133421
2024-07-25,180,38,9525,926,531,86,53,133563
2024-07-26,165,49,9159,847,411,85,48,133679
2024-07-27,159,59,14950,1384,619,112,54,133779
2024-07-28,163,46,11294,1489,742,106,42,133896
2024-07-29,200,45,9299,979,463,114,53,134051
2024-07-30,204,50,9381,936,456,102,52,134205
2024-07-31,164,50,7712,789,401,93,38,134319
2024-08-01,212,54,7459,1021,488,110,55,134477
2024-08-02,185,42,8101,1168,485,97,49,134620
2024-08-03,198,52,12230,1533,780,99,50,134766
2024-08-04,227,51,14045,1554,738,97,44,134942
2024-08-05,213,48,8150,1033,482,68,55,135107
2024-08-06,190,50,7919,1017,546,113,43,135247
2024-08-07,178,53,8110,1070,425,102,53,135372
2024-08-08,153,53,9579,1018,516,101,52,135472
2024-08-09,181,43,8605,949,408,97,44,135610
2024-08-10,191,53,63142,1353,3367,495,290,135748
2024-08-11,176,48,12685,1434,646,92,50,135876
2024-08-12,193,49,9632,1012,529,104,52,136020
2024-08-13,197,49,7871,951,487,85,41,136168
2024-08-14,192,48,9605,1013,490,100,59,136312
2024-08-15,183,55,8647,1026,437,103,43,136440
2024-08-16,200,48,8313,1065,477,96,54,136592
2024-08-17,205,43,15808,1665,681,102,44,136754
2024-08-18,175,47,11285,1488,766,88,46,136882
2024-08-19,224,50,8095,856,443,89,53,137056
2024-08-20,195,55,7342,951,558,100,54,137196
2024-08-21,197,52,9153,990,410,105,43,137341
2024-08-22,211,45,9749,805,453,80,54,137507
2024-08-23,202,61,9714,1124,576,103,54,137648
2024-08-24,216,50,13986,1503,708,93,44,137814
2024-08-25,203,55,12191,1539,643,96,57,137962
2024-08-26,185,48,7973,1124,505,85,42,138099
2024-08-27,205,52,6880,927,471,90,46,138252
2024-08-28,175,53,9926,1047,453,108,51,138374
2024-08-29,200,55,8619,979,441,99,45,138519
2024-08-30,197,54,7815,973,632,95,50,138662
2024-08-31,194,53,13944,1372,724,98,50,138803
2024-09-01,195,48,11095,1735,600,104,48,138950
2024-09-02,161,46,8514,955,570,103,53,139065
2024-09-03,187,51,8028,1063,527,98,48,139201
2024-09-04,200,54,8680,807,458,110,50,139347
2024-09-05,202,48,8096,1111,450,109,55,139501
2024-09-06,178,55,6957,1099,531,103,53,139624
2024-09-07,224,57,12286,1507,727,100,53,139791
2024-09-08,181,45,13458,1459,603,106,44,139927
2024-09-09,218,45,8088,1036,587,102,52,140100
2024-09-10,207,49,8732,1225,477,110,45,140258
2024-09-11,186,51,7250,821,573,108,43,140393
2024-09-12,235,47,8068,1076,563,89,49,140581
2024-09-13,175,56,7578,907,449,89,45,140700
2024-09-14,218,52,13022,1495,826,92,53,140866
2024-09-15,220,50,12147,1462,700,109,54,141036
